Site,Tray,Well,Seed_number,Pop,Rep,Time_in_SB,Viability_category,Germ_in_bag,Purple_staining,More_50_stain,Notes,Elev_m,Elev_class,Updated_viability_cat
Control,1,A1,1,BH,1,1,1,NA,0,NA,NA,511,low,1
Control,1,A1,2,BH,2,1,1,NA,0,NA,NA,511,low,1
Control,1,A1,3,BH,3,1,1,NA,0,NA,NA,511,low,1
Control,1,A1,4,BH,4,1,1,NA,0,NA,NA,511,low,1
Control,1,A1,5,BH,5,1,1,NA,0,NA,NA,511,low,1
Control,1,A1,6,BH,6,1,2,NA,1,NA,NA,511,low,2
Control,1,A1,7,BH,7,1,2,NA,0,NA,NA,511,low,2
Control,1,A1,8,BH,8,1,2,NA,1,NA,NA,511,low,2
Control,1,A1,9,BH,9,1,2,NA,1,NA,NA,511,low,2
Control,1,A1,10,BH,10,1,4,NA,1,NA,NA,511,low,4
Control,1,B1,1,BH,11,1,1,NA,0,NA,NA,511,low,1
Control,1,B1,2,BH,12,1,1,NA,0,NA,NA,511,low,1
Control,1,B1,3,BH,13,1,1,NA,0,NA,NA,511,low,1
Control,1,B1,4,BH,14,1,1,NA,0,NA,NA,511,low,1
Control,1,B1,5,BH,15,1,1,NA,0,NA,NA,511,low,1
Control,1,B1,6,BH,16,1,2,NA,1,NA,NA,511,low,2
Control,1,B1,7,BH,17,1,3,NA,1,0,NA,511,low,3
Control,1,B1,8,BH,18,1,3,NA,1,0,NA,511,low,3
Control,1,B1,9,BH,19,1,3,NA,1,0,NA,511,low,3
Control,1,B1,10,BH,20,1,2,NA,0,NA,NA,511,low,2
Control,1,C1,1,BH,21,1,1,NA,0,NA,NA,511,low,1
Control,1,C1,2,BH,22,1,1,NA,0,NA,NA,511,low,1
Control,1,C1,3,BH,23,1,1,NA,0,NA,NA,511,low,1
Control,1,C1,4,BH,24,1,1,NA,0,NA,NA,511,low,1
Control,1,C1,5,BH,25,1,4,NA,1,NA,NA,511,low,4
Control,1,C1,6,BH,26,1,3,NA,1,1,NA,511,low,1
Control,1,C1,7,BH,27,1,4,NA,1,NA,NA,511,low,4
Control,1,C1,8,BH,28,1,4,NA,1,NA,NA,511,low,4
Control,1,C1,9,BH,29,1,4,NA,1,NA,NA,511,low,4
Control,1,C1,10,BH,30,1,4,NA,1,NA,NA,511,low,4
Control,1,A2,1,IH,1,1,1,NA,0,NA,NA,454,low,1
Control,1,A2,2,IH,2,1,1,NA,0,NA,NA,454,low,1
Control,1,A2,3,IH,3,1,1,NA,0,NA,NA,454,low,1
Control,1,A2,4,IH,4,1,1,NA,0,NA,NA,454,low,1
Control,1,A2,5,IH,5,1,1,NA,0,NA,NA,454,low,1
Control,1,A2,6,IH,6,1,2,NA,1,NA,NA,454,low,2
Control,1,A2,7,IH,7,1,2,NA,1,NA,NA,454,low,2
Control,1,A2,8,IH,8,1,2,NA,0,NA,NA,454,low,2
Control,1,A2,9,IH,9,1,2,NA,0,NA,NA,454,low,2
Control,1,A2,10,IH,10,1,4,NA,1,NA,NA,454,low,4
Control,1,B2,1,IH,11,1,1,NA,0,NA,NA,454,low,1
Control,1,B2,2,IH,12,1,1,NA,0,NA,NA,454,low,1
Control,1,B2,3,IH,13,1,4,NA,1,NA,NA,454,low,4
Control,1,B2,4,IH,14,1,4,NA,1,NA,NA,454,low,4
Control,1,B2,5,IH,15,1,3,NA,1,0,NA,454,low,3
Control,1,B2,6,IH,16,1,2,NA,0,NA,NA,454,low,2
Control,1,B2,7,IH,17,1,3,NA,0,0,NA,454,low,3
Control,1,B2,8,IH,18,1,2,NA,0,NA,NA,454,low,2
Control,1,B2,9,IH,19,1,2,NA,0,NA,NA,454,low,2
Control,1,B2,10,IH,20,1,2,NA,0,NA,NA,454,low,2
Control,1,C2,1,IH,21,1,1,NA,0,NA,NA,454,low,1
Control,1,C2,2,IH,22,1,1,NA,0,NA,NA,454,low,1
Control,1,C2,3,IH,23,1,1,NA,0,NA,NA,454,low,1
Control,1,C2,4,IH,24,1,1,NA,0,NA,NA,454,low,1
Control,1,C2,5,IH,25,1,4,NA,1,NA,NA,454,low,4
Control,1,C2,6,IH,26,1,1,NA,0,NA,NA,454,low,1
Control,1,C2,7,IH,27,1,3,NA,1,0,NA,454,low,3
Control,1,C2,8,IH,28,1,1,NA,0,NA,NA,454,low,1
Control,1,C2,9,IH,29,1,3,NA,0,0,NA,454,low,3
Control,1,C2,10,IH,30,1,3,NA,0,0,NA,454,low,3
Control,1,A3,1,SC,1,1,3,NA,1,0,NA,422,low,3
Control,1,A3,2,SC,2,1,1,NA,0,NA,NA,422,low,1
Control,1,A3,3,SC,3,1,1,NA,0,NA,NA,422,low,1
Control,1,A3,4,SC,4,1,1,NA,0,NA,NA,422,low,1
Control,1,A3,5,SC,5,1,3,NA,1,0,NA,422,low,3
Control,1,A3,6,SC,6,1,1,NA,0,NA,NA,422,low,1
Control,1,A3,7,SC,7,1,4,NA,0,NA,NA,422,low,4
Control,1,A3,8,SC,8,1,4,NA,1,NA,NA,422,low,4
Control,1,A3,9,SC,9,1,4,NA,1,NA,NA,422,low,4
Control,1,B3,1,SC,10,1,1,NA,0,NA,NA,422,low,1
Control,1,B3,2,SC,11,1,1,NA,0,NA,NA,422,low,1
Control,1,B3,3,SC,12,1,1,NA,0,NA,NA,422,low,1
Control,1,B3,4,SC,13,1,1,NA,0,NA,NA,422,low,1
Control,1,B3,5,SC,14,1,1,NA,0,NA,NA,422,low,1
Control,1,B3,6,SC,15,1,1,NA,0,NA,NA,422,low,1
Control,1,B3,7,SC,16,1,3,NA,1,1,NA,422,low,1
Control,1,B3,8,SC,17,1,1,NA,0,NA,NA,422,low,1
Control,1,B3,9,SC,18,1,1,NA,0,NA,NA,422,low,1
Control,1,B3,10,SC,19,1,3,NA,1,0,NA,422,low,3
Control,1,C3,1,SC,20,1,1,NA,0,NA,NA,422,low,1
Control,1,C3,2,SC,21,1,1,NA,0,NA,NA,422,low,1
Control,1,C3,3,SC,22,1,1,NA,0,NA,NA,422,low,1
Control,1,C3,4,SC,23,1,1,NA,0,NA,NA,422,low,1
Control,1,C3,5,SC,24,1,4,NA,1,NA,NA,422,low,4
Control,1,C3,6,SC,25,1,1,NA,0,NA,NA,422,low,1
Control,1,C3,7,SC,26,1,4,NA,1,NA,NA,422,low,4
Control,1,C3,8,SC,27,1,3,NA,1,1,NA,422,low,1
Control,1,C3,9,SC,28,1,3,NA,0,0,NA,422,low,3
Control,1,C4,10,SC,29,1,3,NA,1,1,NA,422,low,1
Control,1,A4,1,TM2,1,1,1,NA,0,NA,NA,379,low,1
Control,1,A4,2,TM2,2,1,3,NA,1,0,NA,379,low,3
Control,1,A4,3,TM2,3,1,3,NA,1,0,NA,379,low,3
Control,1,A4,4,TM2,4,1,1,NA,0,NA,NA,379,low,1
Control,1,A4,5,TM2,5,1,4,NA,1,NA,NA,379,low,4
Control,1,A4,6,TM2,6,1,3,NA,1,1,NA,379,low,1
Control,1,A4,7,TM2,7,1,3,NA,1,0,NA,379,low,3
Control,1,A4,8,TM2,8,1,4,NA,1,NA,NA,379,low,4
Control,1,A4,9,TM2,9,1,1,NA,0,NA,NA,379,low,1
Control,1,A4,10,TM2,10,1,1,NA,0,NA,NA,379,low,1
Control,1,B4,1,TM2,11,1,1,NA,0,NA,NA,379,low,1
Control,1,B4,2,TM2,12,1,1,NA,0,NA,NA,379,low,1
Control,1,B4,3,TM2,13,1,1,NA,0,NA,NA,379,low,1
Control,1,B4,4,TM2,14,1,1,NA,0,NA,NA,379,low,1
Control,1,B4,5,TM2,15,1,1,NA,0,NA,NA,379,low,1
Control,1,B4,6,TM2,16,1,1,NA,0,NA,NA,379,low,1
Control,1,B4,7,TM2,17,1,3,NA,1,0,NA,379,low,3
Control,1,B4,8,TM2,18,1,3,NA,1,0,NA,379,low,3
Control,1,B4,9,TM2,19,1,2,NA,1,NA,NA,379,low,2
Control,1,B4,10,TM2,20,1,1,NA,0,NA,NA,379,low,1
Control,1,C4,1,TM2,21,1,1,NA,0,NA,NA,379,low,1
Control,1,C4,2,TM2,22,1,1,NA,0,NA,NA,379,low,1
Control,1,C4,3,TM2,23,1,1,NA,0,NA,NA,379,low,1
Control,1,C4,4,TM2,24,1,1,NA,0,NA,NA,379,low,1
Control,1,C4,5,TM2,25,1,1,NA,0,NA,NA,379,low,1
Control,1,C4,6,TM2,26,1,2,NA,1,NA,NA,379,low,2
Control,1,C4,7,TM2,27,1,2,NA,0,NA,NA,379,low,2
Control,1,C4,8,TM2,28,1,1,NA,0,NA,NA,379,low,1
Control,1,C4,9,TM2,29,1,1,NA,0,NA,NA,379,low,1
Control,1,C4,10,TM2,30,1,3,NA,1,NA,NA,379,low,NA
Control,2,A1,1,DPR,1,1,1,NA,0,NA,NA,1019,mid,1
Control,2,A1,2,DPR,2,1,1,NA,0,NA,NA,1019,mid,1
Control,2,A1,3,DPR,3,1,3,NA,0,0,NA,1019,mid,3
Control,2,A1,4,DPR,4,1,2,NA,1,NA,NA,1019,mid,2
Control,2,A1,5,DPR,5,1,1,NA,1,NA,NA,1019,mid,1
Control,2,A1,6,DPR,6,1,2,NA,1,NA,NA,1019,mid,2
Control,2,A1,7,DPR,7,1,3,NA,1,0,NA,1019,mid,3
Control,2,A1,8,DPR,8,1,2,NA,0,NA,NA,1019,mid,2
Control,2,A1,9,DPR,9,1,3,NA,1,0,NA,1019,mid,3
Control,2,B1,1,DPR,10,1,1,NA,0,NA,NA,1019,mid,1
Control,2,B1,2,DPR,11,1,1,NA,0,NA,NA,1019,mid,1
Control,2,B1,3,DPR,12,1,1,NA,0,NA,NA,1019,mid,1
Control,2,B1,4,DPR,13,1,3,NA,1,0,NA,1019,mid,3
Control,2,B1,5,DPR,14,1,2,NA,1,NA,NA,1019,mid,2
Control,2,B1,6,DPR,15,1,3,NA,1,0,NA,1019,mid,3
Control,2,B1,7,DPR,16,1,3,NA,1,0,NA,1019,mid,3
Control,2,B1,8,DPR,17,1,4,NA,1,NA,NA,1019,mid,4
Control,2,B1,9,DPR,18,1,4,NA,0,NA,NA,1019,mid,4
Control,2,B1,10,DPR,19,1,4,NA,1,NA,NA,1019,mid,4
Control,2,C1,1,DPR,20,1,2,NA,0,NA,NA,1019,mid,2
Control,2,C1,2,DPR,21,1,1,NA,0,NA,NA,1019,mid,1
Control,2,C1,3,DPR,22,1,1,NA,0,NA,NA,1019,mid,1
Control,2,C1,4,DPR,23,1,1,NA,0,NA,NA,1019,mid,1
Control,2,C1,5,DPR,24,1,2,NA,0,NA,NA,1019,mid,2
Control,2,C1,6,DPR,25,1,2,NA,0,NA,NA,1019,mid,2
Control,2,C1,7,DPR,26,1,3,NA,1,NA,NA,1019,mid,NA
Control,2,C1,8,DPR,27,1,3,NA,1,0,NA,1019,mid,3
Control,2,C1,9,DPR,28,1,2,NA,0,NA,NA,1019,mid,2
Control,2,A2,1,WL1,1,1,4,NA,1,NA,NA,1614,mid,4
Control,2,A2,2,WL1,2,1,3,NA,1,1,NA,1614,mid,1
Control,2,A2,3,WL1,3,1,2,NA,0,NA,NA,1614,mid,2
Control,2,A2,4,WL1,4,1,3,NA,1,0,NA,1614,mid,3
Control,2,A2,5,WL1,5,1,4,NA,1,NA,NA,1614,mid,4
Control,2,A2,6,WL1,6,1,3,NA,1,NA,NA,1614,mid,NA
Control,2,A2,7,WL1,7,1,4,NA,1,NA,NA,1614,mid,4
Control,2,A2,8,WL1,8,1,3,NA,1,NA,NA,1614,mid,NA
Control,2,A2,9,WL1,9,1,4,NA,1,NA,NA,1614,mid,4
Control,2,A2,10,WL1,10,1,4,NA,1,NA,NA,1614,mid,4
Control,2,B2,1,WL1,11,1,3,NA,1,0,NA,1614,mid,3
Control,2,B2,2,WL1,12,1,3,NA,1,0,NA,1614,mid,3
Control,2,B2,3,WL1,13,1,3,NA,1,0,NA,1614,mid,3
Control,2,B2,4,WL1,14,1,3,NA,1,0,NA,1614,mid,3
Control,2,B2,5,WL1,15,1,4,NA,1,NA,NA,1614,mid,4
Control,2,B2,6,WL1,16,1,4,NA,1,NA,NA,1614,mid,4
Control,2,B2,7,WL1,17,1,4,NA,1,NA,NA,1614,mid,4
Control,2,B2,8,WL1,18,1,3,NA,1,0,NA,1614,mid,3
Control,2,B2,9,WL1,19,1,4,NA,1,NA,NA,1614,mid,4
Control,2,C2,1,WL1,20,1,3,NA,1,0,NA,1614,mid,3
Control,2,C2,2,WL1,21,1,1,NA,0,NA,NA,1614,mid,1
Control,2,C2,3,WL1,22,1,2,NA,1,NA,NA,1614,mid,2
Control,2,C2,4,WL1,23,1,3,NA,1,0,NA,1614,mid,3
Control,2,C2,5,WL1,24,1,3,NA,1,0,NA,1614,mid,3
Control,2,C2,6,WL1,25,1,3,NA,0,0,NA,1614,mid,3
Control,2,C2,7,WL1,26,1,3,NA,1,0,NA,1614,mid,3
Control,2,C2,8,WL1,27,1,4,NA,1,NA,NA,1614,mid,4
Control,2,C2,9,WL1,28,1,4,NA,1,NA,NA,1614,mid,4
Control,2,C2,10,WL1,29,1,4,NA,1,NA,NA,1614,mid,4
Control,2,A3,1,WL2,1,1,3,NA,1,1,NA,2020,high,1
Control,2,A3,2,WL2,2,1,1,NA,0,NA,NA,2020,high,1
Control,2,A3,3,WL2,3,1,1,NA,0,NA,NA,2020,high,1
Control,2,A3,4,WL2,4,1,1,NA,0,NA,NA,2020,high,1
Control,2,A3,5,WL2,5,1,4,NA,1,NA,NA,2020,high,4
Control,2,A3,6,WL2,6,1,1,NA,0,NA,NA,2020,high,1
Control,2,A3,7,WL2,7,1,4,NA,1,NA,NA,2020,high,4
Control,2,A3,8,WL2,8,1,4,NA,1,NA,NA,2020,high,4
Control,2,B3,1,WL2,9,1,1,NA,0,NA,NA,2020,high,1
Control,2,B3,2,WL2,10,1,1,NA,0,NA,NA,2020,high,1
Control,2,B3,3,WL2,11,1,1,NA,0,NA,NA,2020,high,1
Control,2,B3,4,WL2,12,1,4,NA,1,NA,NA,2020,high,4
Control,2,B3,5,WL2,13,1,3,NA,1,0,NA,2020,high,3
Control,2,B3,6,WL2,14,1,4,NA,1,NA,NA,2020,high,4
Control,2,B3,7,WL2,15,1,4,NA,1,NA,NA,2020,high,4
Control,2,B3,8,WL2,16,1,4,NA,1,NA,NA,2020,high,4
Control,2,B3,9,WL2,17,1,4,NA,1,NA,NA,2020,high,4
Control,2,B3,10,WL2,18,1,4,NA,1,NA,NA,2020,high,4
Control,2,C3,1,WL2,19,1,1,NA,0,NA,NA,2020,high,1
Control,2,C3,2,WL2,20,1,1,NA,0,NA,NA,2020,high,1
Control,2,C3,3,WL2,21,1,1,NA,0,NA,NA,2020,high,1
Control,2,C3,4,WL2,22,1,1,NA,0,NA,NA,2020,high,1
Control,2,C3,5,WL2,23,1,4,NA,1,NA,NA,2020,high,4
Control,2,C3,6,WL2,24,1,3,NA,0,1,NA,2020,high,1
Control,2,C3,7,WL2,25,1,2,NA,0,NA,NA,2020,high,2
Control,2,C3,8,WL2,26,1,4,NA,1,NA,NA,2020,high,4
Control,2,C3,9,WL2,27,1,4,NA,1,NA,NA,2020,high,4
Control,2,C3,10,WL2,28,1,4,NA,1,NA,NA,2020,high,4
Control,3,A1,1,WL3,1,1,2,NA,0,NA,NA,2138,high,2
Control,3,A1,2,WL3,2,1,3,NA,1,0,NA,2138,high,3
Control,3,A1,3,WL3,3,1,1,NA,0,NA,NA,2138,high,1
Control,3,A1,4,WL3,4,1,4,NA,1,NA,NA,2138,high,4
Control,3,A1,5,WL3,5,1,4,NA,0,NA,NA,2138,high,4
Control,3,A1,6,WL3,6,1,4,NA,0,NA,NA,2138,high,4
Control,3,A1,7,WL3,7,1,4,NA,1,NA,NA,2138,high,4
Control,3,A1,8,WL3,8,1,4,NA,1,NA,NA,2138,high,4
Control,3,A1,9,WL3,9,1,4,NA,1,NA,NA,2138,high,4
Control,3,A1,10,WL3,10,1,4,NA,1,NA,NA,2138,high,4
Control,3,B1,1,WL3,11,1,1,NA,0,NA,NA,2138,high,1
Control,3,B1,2,WL3,12,1,4,NA,1,NA,NA,2138,high,4
Control,3,B1,3,WL3,13,1,3,NA,1,1,NA,2138,high,1
Control,3,B1,4,WL3,14,1,4,NA,1,NA,NA,2138,high,4
Control,3,B1,5,WL3,15,1,4,NA,1,NA,NA,2138,high,4
Control,3,B1,6,WL3,16,1,4,NA,1,NA,NA,2138,high,4
Control,3,B1,7,WL3,17,1,4,NA,0,NA,NA,2138,high,4
Control,3,B1,8,WL3,18,1,4,NA,1,NA,NA,2138,high,4
Control,3,B1,9,WL3,19,1,4,NA,1,NA,NA,2138,high,4
Control,3,B1,10,WL3,20,1,4,NA,1,NA,NA,2138,high,4
Control,3,C1,1,WL3,21,1,1,NA,0,NA,NA,2138,high,1
Control,3,C1,2,WL3,22,1,3,NA,1,1,NA,2138,high,1
Control,3,C1,3,WL3,23,1,3,NA,1,1,NA,2138,high,1
Control,3,C1,4,WL3,24,1,4,NA,1,NA,NA,2138,high,4
Control,3,C1,5,WL3,25,1,3,NA,1,0,NA,2138,high,3
Control,3,C1,6,WL3,26,1,1,NA,0,NA,NA,2138,high,1
Control,3,C1,7,WL3,27,1,2,NA,0,NA,NA,2138,high,2
Control,3,C1,8,WL3,28,1,4,NA,0,NA,NA,2138,high,4
Control,3,C1,9,WL3,29,1,2,NA,0,NA,NA,2138,high,2
Control,3,C1,10,WL3,30,1,4,NA,0,NA,NA,2138,high,4
Control,3,A2,1,YOSE1,1,1,4,NA,1,NA,NA,2141,high,4
Control,3,A2,2,YOSE1,2,1,4,NA,1,NA,NA,2141,high,4
Control,3,A2,3,YOSE1,3,1,3,NA,1,0,NA,2141,high,3
Control,3,A2,4,YOSE1,4,1,2,NA,0,NA,NA,2141,high,2
Control,3,A2,5,YOSE1,5,1,4,NA,1,NA,NA,2141,high,4
Control,3,A2,6,YOSE1,6,1,4,NA,1,NA,NA,2141,high,4
Control,3,A2,7,YOSE1,7,1,4,NA,1,NA,NA,2141,high,4
Control,3,A2,8,YOSE1,8,1,4,NA,1,NA,NA,2141,high,4
Control,3,A2,9,YOSE1,9,1,4,NA,1,NA,NA,2141,high,4
Control,3,A2,10,YOSE1,10,1,4,NA,1,NA,NA,2141,high,4
Control,3,B2,1,YOSE1,11,1,1,NA,0,NA,NA,2141,high,1
Control,3,B2,2,YOSE1,12,1,3,NA,0,0,NA,2141,high,3
Control,3,B2,3,YOSE1,13,1,3,NA,0,0,NA,2141,high,3
Control,3,B2,4,YOSE1,14,1,1,NA,0,NA,NA,2141,high,1
Control,3,B2,5,YOSE1,15,1,1,NA,0,NA,NA,2141,high,1
Control,3,B2,6,YOSE1,16,1,1,NA,0,NA,NA,2141,high,1
Control,3,B2,7,YOSE1,17,1,1,NA,1,NA,NA,2141,high,1
Control,3,B2,8,YOSE1,18,1,1,NA,0,NA,NA,2141,high,1
Control,3,B2,9,YOSE1,19,1,1,NA,0,NA,NA,2141,high,1
Control,3,B2,10,YOSE1,20,1,4,NA,0,NA,NA,2141,high,4
Control,3,C2,1,YOSE1,21,1,1,NA,0,NA,NA,2141,high,1
Control,3,C2,2,YOSE1,22,1,2,NA,0,NA,NA,2141,high,2
Control,3,C2,3,YOSE1,23,1,4,NA,1,NA,NA,2141,high,4
Control,3,C2,4,YOSE1,24,1,1,NA,0,NA,NA,2141,high,1
Control,3,C2,5,YOSE1,25,1,3,NA,1,0,NA,2141,high,3
Control,3,C2,6,YOSE1,26,1,1,NA,0,NA,NA,2141,high,1
Control,3,C2,7,YOSE1,27,1,3,NA,1,0,NA,2141,high,3
Control,3,C2,8,YOSE1,28,1,4,NA,1,NA,NA,2141,high,4
Control,3,C2,9,YOSE1,29,1,4,NA,1,NA,NA,2141,high,4
Control,3,C2,10,YOSE1,30,1,4,NA,0,NA,NA,2141,high,4
Control,3,A3,1,LV2,1,1,1,NA,0,NA,NA,2500,high,1
Control,3,A3,2,LV2,2,1,1,NA,0,NA,NA,2500,high,1
Control,3,A3,3,LV2,3,1,2,NA,0,NA,NA,2500,high,2
Control,3,A3,4,LV2,4,1,2,NA,0,NA,NA,2500,high,2
Control,3,A3,5,LV2,5,1,2,NA,0,NA,NA,2500,high,2
Control,3,A3,6,LV2,6,1,2,NA,0,NA,NA,2500,high,2
Control,3,A3,7,LV2,7,1,2,NA,0,NA,NA,2500,high,2
Control,3,A3,8,LV2,8,1,2,NA,1,NA,NA,2500,high,2
Control,3,A3,9,LV2,9,1,2,NA,1,NA,NA,2500,high,2
Control,3,B3,1,LV2,10,1,1,NA,0,NA,NA,2500,high,1
Control,3,B3,2,LV2,11,1,1,NA,0,NA,NA,2500,high,1
Control,3,B3,3,LV2,12,1,1,NA,0,NA,NA,2500,high,1
Control,3,B3,4,LV2,13,1,1,NA,0,NA,NA,2500,high,1
Control,3,B3,5,LV2,14,1,1,NA,0,NA,NA,2500,high,1
Control,3,B3,6,LV2,15,1,1,NA,0,NA,NA,2500,high,1
Control,3,B3,7,LV2,16,1,1,NA,0,NA,NA,2500,high,1
Control,3,B3,8,LV2,17,1,2,NA,1,NA,NA,2500,high,2
Control,3,B3,9,LV2,18,1,2,NA,0,NA,NA,2500,high,2
Control,3,B3,10,LV2,19,1,2,NA,1,NA,NA,2500,high,2
Control,3,C3,1,LV2,20,1,1,NA,0,NA,NA,2500,high,1
Control,3,C3,2,LV2,21,1,1,NA,0,NA,NA,2500,high,1
Control,3,C3,3,LV2,22,1,1,NA,0,NA,NA,2500,high,1
Control,3,C3,4,LV2,23,1,1,NA,0,NA,NA,2500,high,1
Control,3,C3,5,LV2,24,1,1,NA,0,NA,NA,2500,high,1
Control,3,C3,6,LV2,25,1,2,NA,0,NA,NA,2500,high,2
Control,3,C3,7,LV2,26,1,2,NA,0,NA,NA,2500,high,2
Control,3,C3,8,LV2,27,1,2,NA,1,NA,NA,2500,high,2
Control,3,C3,9,LV2,28,1,2,NA,1,NA,NA,2500,high,2
Control,3,C3,10,LV2,29,1,2,NA,0,NA,NA,2500,high,2
Control,3,A4,1,SQ3,1,1,1,NA,0,NA,NA,2373,high,1
Control,3,A4,2,SQ3,2,1,1,NA,0,NA,NA,2373,high,1
Control,3,A4,3,SQ3,3,1,4,NA,1,NA,NA,2373,high,4
Control,3,A4,4,SQ3,4,1,2,NA,0,NA,NA,2373,high,2
Control,3,A4,5,SQ3,5,1,2,NA,0,NA,NA,2373,high,2
Control,3,A4,6,SQ3,6,1,4,NA,1,NA,NA,2373,high,4
Control,3,A4,7,SQ3,7,1,4,NA,1,NA,NA,2373,high,4
Control,3,A4,8,SQ3,8,1,4,NA,1,NA,NA,2373,high,4
