Site,Pop,Rep,Time_in_SB,Tray,Well,Seed_number,Viability_category,Germ_in_bag,Purple_Stainning,More_50_stain,Radicle_cap_stained,Notes,Elev_m,Elev_class
CP2,DPR,1,1,1,A1,1,3,0,0,1,1,NA,1019,mid
CP2,DPR,1,1,1,A1,2,3,0,1,0,0,a purple band at the tail of the radicle,1019,mid
CP2,DPR,1,1,1,A1,3,3,0,1,1,1,a purple band at the tail of the radicle,1019,mid
CP2,DPR,1,1,1,A1,4,3,0,1,1,1,part of the seed stained in purple,1019,mid
CP2,DPR,1,1,1,A1,5,3,0,1,1,1,"a purple band at the tail of the radicle, part of outer embryo is in purple",1019,mid
CP2,DPR,1,1,1,A1,6,NA,0,NA,NA,NA,seed coat,1019,mid
CP2,DPR,1,1,1,A1,7,1,0,0,NA,NA,NA,1019,mid
CP2,DPR,1,1,1,A1,8,4,0,0,NA,NA,NA,1019,mid
CP2,DPR,1,1,1,A1,9,4,0,1,NA,NA,NA,1019,mid
CP2,WL1,1,1,1,A2,1,3,0,1,0,0,"part of the bottom of the embryo stained in purple, and part in green",1614,mid
CP2,WL1,1,1,1,A2,2,3,0,1,0,0,"most of the embryo part in green, also with some purple stain",1614,mid
CP2,WL1,1,1,1,A2,3,3,0,1,0,1,the embryo shows green and the outer in purple,1614,mid
CP2,WL1,1,1,1,A2,4,4,0,1,NA,NA,the embryo shows green and the radicle has a purple band,1614,mid
CP2,WL1,1,1,1,A2,5,3,0,1,0,0,the radicle has a purple band,1614,mid
CP2,WL1,1,1,1,A2,6,1,0,0,NA,NA,NA,1614,mid
CP2,WL1,1,1,1,A2,7,1,0,0,NA,NA,NA,1614,mid
CP2,WL1,1,1,1,A2,8,4,0,0,NA,NA,NA,1614,mid
CP2,WL1,1,1,1,A2,9,4,0,1,NA,NA,NA,1614,mid
CP2,WL1,1,1,1,A2,10,4,0,1,NA,NA,NA,1614,mid
CP2,TM2,1,1,1,A3,1,3,0,1,1,1,"half of the embryo stained in purple, a purple band at the tail of the radicle",379,low
CP2,TM2,1,1,1,A3,2,3,0,1,1,1,part of the embryo stained in purple,379,low
CP2,TM2,1,1,1,A3,3,1,0,0,NA,NA,NA,379,low
CP2,TM2,1,1,1,A3,4,1,0,0,NA,NA,NA,379,low
CP2,TM2,1,1,1,A3,5,1,0,0,NA,NA,NA,379,low
CP2,TM2,1,1,1,A3,6,1,0,0,NA,NA,NA,379,low
CP2,TM2,1,1,1,A3,7,NA,0,NA,NA,NA,seed coat,379,low
CP2,TM2,1,1,1,A3,8,4,0,1,NA,NA,NA,379,low
CP2,TM2,1,1,1,A3,9,4,0,0,NA,NA,NA,379,low
CP2,TM2,1,1,NA,NA,10,1,1,NA,NA,NA,NA,379,low
CP2,SC,1,1,1,A4,1,2,0,0,NA,NA,NA,422,low
CP2,SC,1,1,1,A4,2,3,0,0,1,1,NA,422,low
CP2,SC,1,1,1,A4,3,1,0,0,NA,NA,NA,422,low
CP2,SC,1,1,1,A4,4,1,0,0,NA,NA,NA,422,low
CP2,SC,1,1,1,A4,5,4,0,1,NA,NA,NA,422,low
CP2,SC,1,1,1,A4,6,4,0,0,NA,NA,NA,422,low
CP2,BH,1,1,1,B1,1,1,0,0,NA,NA,NA,511,low
CP2,BH,1,1,1,B1,2,4,0,1,NA,NA,NA,511,low
CP2,IH,1,1,1,B2,1,3,0,1,1,1,three quarter of the embryo are in purple,454,low
CP2,IH,1,1,1,B2,2,3,0,1,0,1,a dark purple stain at the outer of the embryo,454,low
CP2,IH,1,1,1,B2,3,1,0,0,NA,NA,NA,454,low
CP2,IH,1,1,1,B2,4,1,0,0,NA,NA,NA,454,low
CP2,IH,1,1,1,B2,5,1,0,0,NA,NA,NA,454,low
CP2,IH,1,1,1,B2,6,1,0,0,NA,NA,NA,454,low
CP2,IH,1,1,1,B2,7,NA,0,NA,NA,NA,seed coat,454,low
CP2,IH,1,1,1,B2,8,NA,0,NA,NA,NA,seed coat,454,low
CP2,IH,1,1,1,B2,9,4,0,1,NA,NA,NA,454,low
CP2,WL3,1,1,1,B3,1,4,0,1,NA,NA,the whole seed is in purple,2138,high
CP2,WL3,1,1,1,B3,2,2,0,0,NA,NA,NA,2138,high
CP2,WL3,1,1,1,B3,3,4,0,1,NA,NA,the embryo and radicle show purple,2138,high
CP2,WL3,1,1,1,B3,4,1,0,0,NA,NA,NA,2138,high
CP2,WL3,1,1,1,B3,5,1,0,0,NA,NA,NA,2138,high
CP2,WL3,1,1,1,B3,6,1,0,0,NA,NA,NA,2138,high
CP2,WL3,1,1,1,B3,7,NA,0,NA,NA,NA,seed coat,2138,high
CP2,WL3,1,1,1,B3,8,4,0,1,NA,NA,NA,2138,high
CP2,WL3,1,1,1,B3,9,1,0,0,NA,NA,NA,2138,high
CP2,YOSE1,1,1,1,B4,1,2,0,0,NA,NA,NA,2141,high
CP2,YOSE1,1,1,1,B4,2,NA,0,NA,NA,NA,seed coat,2141,high
CP2,YOSE1,1,1,1,B4,3,4,0,1,NA,NA,NA,2141,high
CP2,YOSE1,1,1,1,B4,4,2,0,0,NA,NA,NA,2141,high
CP2,YOSE1,1,1,1,B4,5,4,0,0,NA,NA,NA,2141,high
CP2,YOSE1,1,1,1,B4,6,4,0,0,NA,NA,NA,2141,high
CP2,YOSE1,1,1,NA,NA,7,1,1,NA,NA,NA,NA,2141,high
CP2,WL2,1,1,1,C1,1,1,0,0,NA,NA,NA,2020,high
CP2,WL2,1,1,1,C1,2,1,0,0,NA,NA,NA,2020,high
CP2,WL2,1,1,1,C1,3,1,0,1,NA,NA,NA,2020,high
CP2,WL2,1,1,1,C1,4,1,0,1,NA,NA,NA,2020,high
CP2,WL2,1,1,1,C1,5,1,0,0,NA,NA,NA,2020,high
CP2,WL2,1,1,1,C1,6,1,0,0,NA,NA,NA,2020,high
CP2,WL2,1,1,1,C1,7,1,0,1,NA,NA,NA,2020,high
CP2,WL2,1,1,1,C1,8,1,0,0,NA,NA,NA,2020,high
CP2,WL2,1,1,1,C1,9,NA,0,NA,NA,NA,seed coat,2020,high
CP2,WL2,1,1,NA,NA,10,1,1,NA,NA,NA,NA,2020,high
CP2,SQ3,1,1,1,C2,1,1,0,0,NA,NA,NA,2373,high
CP2,SQ3,1,1,1,C2,2,1,0,0,NA,NA,NA,2373,high
CP2,SQ3,1,1,1,C2,3,1,0,0,NA,NA,NA,2373,high
CP2,SQ3,1,1,1,C2,4,1,0,0,NA,NA,NA,2373,high
CP2,LV2,1,1,1,C3,1,1,0,0,NA,NA,NA,2500,high
CP2,LV2,1,1,1,C3,2,1,0,0,NA,NA,NA,2500,high
CP2,LV2,1,1,1,C3,3,1,0,0,NA,NA,NA,2500,high
CP2,LV2,1,1,1,C3,4,1,0,0,NA,NA,NA,2500,high
CP2,LV2,1,1,1,C3,5,1,0,0,NA,NA,NA,2500,high
CP2,LV2,1,1,1,C3,6,1,0,0,NA,NA,NA,2500,high
CP2,LV2,1,1,1,C3,7,3,0,0,NA,NA,NA,2500,high
CP2,LV2,2,1,2,A1,1,2,0,1,NA,NA,purple band,2500,high
CP2,LV2,2,1,2,A1,2,1,0,0,NA,NA,NA,2500,high
CP2,LV2,2,1,2,A1,3,1,0,0,NA,NA,NA,2500,high
CP2,LV2,2,1,2,A1,4,3,0,1,1,1,purple cap,2500,high
CP2,LV2,2,1,2,A1,5,3,0,1,1,1,purple band and purple embryo,2500,high
CP2,LV2,2,1,2,A1,6,4,0,1,NA,NA,NA,2500,high
CP2,LV2,2,1,NA,NA,7,1,1,NA,NA,NA,NA,2500,high
CP2,SQ3,2,1,2,A2,1,3,0,1,0,1,purple radicle,2373,high
CP2,BH,2,1,2,A3,1,1,0,0,NA,NA,NA,511,low
CP2,BH,2,1,2,A3,2,4,0,1,NA,NA,NA,511,low
CP2,BH,2,1,2,A3,3,1,0,0,NA,NA,NA,511,low
CP2,BH,2,1,2,A3,4,4,0,1,NA,NA,NA,511,low
CP2,BH,2,1,2,A3,5,4,0,0,NA,NA,NA,511,low
CP2,BH,2,1,NA,NA,6,1,1,NA,NA,NA,2 SEEDS IN CP2_BH_R2 GERM IN BAG,511,low
CP2,BH,2,1,NA,NA,7,1,1,NA,NA,NA,NA,511,low
CP2,YOSE1,2,1,2,A4,1,4,0,0,NA,NA,NA,2141,high
CP2,YOSE1,2,1,2,A4,2,3,0,1,0,0,purple embryo part,2141,high
CP2,YOSE1,2,1,2,A4,3,2,0,1,NA,NA,purple embryo part,2141,high
CP2,YOSE1,2,1,2,A4,4,4,0,1,NA,NA,little purple on the seed,2141,high
CP2,YOSE1,2,1,2,A4,5,4,0,1,NA,NA,NA,2141,high
CP2,YOSE1,2,1,NA,NA,6,1,1,NA,NA,NA,3 SEEDS IN CP2_YOSE1_R2 GERM IN BAG,2141,high
CP2,YOSE1,2,1,NA,NA,7,1,1,NA,NA,NA,NA,2141,high
CP2,YOSE1,2,1,NA,NA,8,1,1,NA,NA,NA,NA,2141,high
CP2,IH,2,1,2,B1,1,1,0,0,NA,NA,NA,454,low
CP2,IH,2,1,2,B1,2,1,0,0,NA,NA,NA,454,low
CP2,IH,2,1,2,B1,3,1,0,0,NA,NA,NA,454,low
CP2,IH,2,1,2,B1,4,1,0,0,NA,NA,NA,454,low
CP2,IH,2,1,2,B1,5,1,0,0,NA,NA,NA,454,low
CP2,IH,2,1,2,B1,6,1,0,0,NA,NA,NA,454,low
CP2,IH,2,1,2,B1,7,4,0,0,NA,NA,NA,454,low
CP2,IH,2,1,2,B1,8,4,0,1,NA,NA,NA,454,low
CP2,IH,2,1,2,B1,9,4,0,1,NA,NA,NA,454,low
CP2,SC,2,1,2,B2,1,1,0,0,NA,NA,NA,422,low
CP2,SC,2,1,2,B2,2,1,0,0,NA,NA,NA,422,low
CP2,SC,2,1,2,B2,3,1,0,0,NA,NA,NA,422,low
CP2,SC,2,1,2,B2,4,1,0,0,NA,NA,NA,422,low
CP2,SC,2,1,2,B2,5,1,0,0,NA,NA,NA,422,low
CP2,SC,2,1,2,B2,6,1,0,0,NA,NA,NA,422,low
CP2,SC,2,1,2,B2,7,1,0,0,NA,NA,NA,422,low
CP2,SC,2,1,2,B2,8,4,0,0,NA,NA,NA,422,low
CP2,TM2,2,1,2,B3,1,1,0,0,NA,NA,NA,379,low
CP2,TM2,2,1,2,B3,2,1,0,0,NA,NA,NA,379,low
CP2,TM2,2,1,2,B3,3,1,0,0,NA,NA,NA,379,low
CP2,TM2,2,1,2,B3,4,3,0,1,0,1,purple band,379,low
CP2,TM2,2,1,NA,NA,5,1,1,NA,NA,NA,2 SEEDS IN CP2_TM2_R2 GERM IN BAG,379,low
CP2,TM2,2,1,NA,NA,6,1,1,NA,NA,NA,NA,379,low
CP2,WL3,2,1,2,B4,1,4,0,0,NA,NA,NA,2138,high
CP2,WL3,2,1,2,B4,2,4,0,1,NA,NA,NA,2138,high
CP2,WL3,2,1,2,B4,3,4,0,0,NA,NA,NA,2138,high
CP2,WL3,2,1,2,B4,4,4,0,0,NA,NA,NA,2138,high
CP2,WL3,2,1,2,B4,5,4,0,0,NA,NA,NA,2138,high
CP2,WL3,2,1,2,B4,6,1,0,0,NA,NA,NA,2138,high
CP2,WL3,2,1,2,B4,7,1,0,0,NA,NA,NA,2138,high
CP2,WL3,2,1,2,B4,8,1,0,0,NA,NA,NA,2138,high
CP2,WL3,2,1,2,B4,9,4,0,0,NA,NA,NA,2138,high
CP2,DPR,2,1,2,C1,1,1,0,0,NA,NA,NA,1019,mid
CP2,DPR,2,1,2,C1,2,1,0,0,NA,NA,NA,1019,mid
CP2,DPR,2,1,2,C1,3,1,0,0,NA,NA,NA,1019,mid
CP2,DPR,2,1,2,C1,4,1,0,0,NA,NA,NA,1019,mid
CP2,DPR,2,1,2,C1,5,1,0,0,NA,NA,NA,1019,mid
CP2,DPR,2,1,2,C1,6,1,0,0,NA,NA,NA,1019,mid
CP2,DPR,2,1,2,C1,7,4,0,1,NA,NA,NA,1019,mid
CP2,DPR,2,1,2,C1,8,4,0,0,NA,NA,NA,1019,mid
CP2,DPR,2,1,2,C1,9,4,0,0,NA,NA,NA,1019,mid
CP2,WL2,2,1,2,C2,1,1,0,0,NA,NA,NA,2020,high
CP2,WL2,2,1,2,C2,2,1,0,0,NA,NA,NA,2020,high
CP2,WL2,2,1,2,C2,3,2,0,1,NA,NA,purple at the connect between radicle and embryo,2020,high
CP2,WL2,2,1,2,C2,4,1,0,0,NA,NA,NA,2020,high
CP2,WL2,2,1,2,C2,5,4,0,1,NA,NA,NA,2020,high
CP2,WL2,2,1,2,C2,6,4,0,1,NA,NA,NA,2020,high
CP2,WL2,2,1,2,C2,7,4,0,0,NA,NA,NA,2020,high
CP2,WL2,2,1,2,C2,8,4,0,0,NA,NA,NA,2020,high
CP2,WL2,2,1,2,C2,9,4,0,0,NA,NA,NA,2020,high
CP2,WL2,2,1,2,C2,10,2,0,0,NA,NA,NA,2020,high
CP2,WL1,2,1,2,C3,1,1,0,0,NA,NA,NA,1614,mid
CP2,WL1,2,1,2,C3,2,1,0,0,NA,NA,NA,1614,mid
CP2,WL1,2,1,2,C3,3,1,0,0,NA,NA,NA,1614,mid
CP2,WL1,2,1,2,C3,4,1,0,0,NA,NA,NA,1614,mid
CP2,WL1,2,1,2,C3,5,1,0,0,NA,NA,NA,1614,mid
CP2,WL1,2,1,2,C3,6,2,0,1,NA,NA,purple band,1614,mid
CP2,WL1,2,1,2,C3,7,3,0,1,0,0,purple embryo at outer,1614,mid
CP2,WL1,2,1,2,C3,8,4,0,0,NA,NA,NA,1614,mid
CP2,WL1,2,1,2,C3,9,4,0,0,NA,NA,NA,1614,mid
CP2,WL1,2,1,2,C3,10,4,0,1,NA,NA,NA,1614,mid
CP2,BH,3,1,3,A1,1,1,0,0,NA,NA,NA,511,low
CP2,BH,3,1,3,A1,2,1,0,0,NA,NA,NA,511,low
CP2,BH,3,1,3,A1,3,1,0,0,NA,NA,NA,511,low
CP2,BH,3,1,3,A1,4,4,0,0,NA,NA,NA,511,low
CP2,BH,3,1,3,A1,5,4,0,0,NA,NA,NA,511,low
CP2,BH,3,1,3,A1,6,4,0,1,NA,NA,NA,511,low
CP2,SQ3,3,1,3,A2,1,1,0,0,NA,NA,NA,2373,high
CP2,SQ3,3,1,3,A2,2,4,0,1,NA,NA,NA,2373,high
CP2,SQ3,3,1,3,A2,3,1,0,0,NA,NA,NA,2373,high
CP2,SQ3,3,1,3,A2,4,4,0,0,NA,NA,NA,2373,high
CP2,WL2,3,1,3,A3,1,1,0,0,NA,NA,NA,2020,high
CP2,WL2,3,1,3,A3,2,1,0,0,NA,NA,NA,2020,high
CP2,WL2,3,1,3,A3,3,1,0,0,NA,NA,NA,2020,high
CP2,WL2,3,1,3,A3,4,1,0,0,NA,NA,NA,2020,high
CP2,WL2,3,1,3,A3,5,1,0,0,NA,NA,NA,2020,high
CP2,WL2,3,1,3,A3,6,1,0,0,NA,NA,NA,2020,high
CP2,WL2,3,1,3,A3,7,2,0,1,NA,NA,light purple band,2020,high
CP2,WL2,3,1,3,A3,8,3,0,1,0,0,purple embryo,2020,high
CP2,WL2,3,1,NA,NA,9,1,1,NA,NA,NA,NA,2020,high
CP2,TM2,3,1,3,A4,1,1,0,0,NA,NA,NA,379,low
CP2,TM2,3,1,3,A4,2,1,0,0,NA,NA,NA,379,low
CP2,TM2,3,1,3,A4,3,3,0,1,1,1,purple embryo,379,low
CP2,TM2,3,1,3,A4,4,4,0,1,NA,NA,NA,379,low
CP2,TM2,3,1,3,A4,5,4,0,0,NA,NA,NA,379,low
CP2,TM2,3,1,3,A4,6,1,0,0,NA,NA,NA,379,low
CP2,TM2,3,1,3,A4,7,4,0,0,NA,NA,NA,379,low
CP2,LV2,3,1,3,B1,1,1,0,0,NA,NA,NA,2500,high
CP2,LV2,3,1,3,B1,2,1,0,0,NA,NA,NA,2500,high
CP2,LV2,3,1,3,B1,3,1,0,0,NA,NA,NA,2500,high
CP2,LV2,3,1,3,B1,4,1,0,0,NA,NA,NA,2500,high
CP2,LV2,3,1,3,B1,5,1,0,0,NA,NA,NA,2500,high
CP2,LV2,3,1,3,B1,6,1,0,0,NA,NA,NA,2500,high
CP2,LV2,3,1,3,B1,7,1,0,0,NA,NA,NA,2500,high
CP2,DPR,3,1,3,B2,1,1,0,0,NA,NA,NA,1019,mid
CP2,DPR,3,1,3,B2,2,1,0,0,NA,NA,NA,1019,mid
CP2,DPR,3,1,3,B2,3,1,0,0,NA,NA,NA,1019,mid
CP2,DPR,3,1,3,B2,4,1,0,0,NA,NA,NA,1019,mid
CP2,DPR,3,1,3,B2,5,1,0,0,NA,NA,NA,1019,mid
CP2,DPR,3,1,3,B2,6,4,0,0,NA,NA,NA,1019,mid
CP2,DPR,3,1,3,B2,7,4,0,1,NA,NA,NA,1019,mid
CP2,YOSE1,3,1,3,B3,1,4,0,0,NA,NA,NA,2141,high
CP2,YOSE1,3,1,3,B3,2,1,0,0,NA,NA,NA,2141,high
CP2,YOSE1,3,1,3,B3,3,1,0,0,NA,NA,NA,2141,high
CP2,YOSE1,3,1,3,B3,4,1,0,0,NA,NA,NA,2141,high
CP2,YOSE1,3,1,3,B3,5,1,0,0,NA,NA,NA,2141,high
CP2,YOSE1,3,1,3,B3,6,4,0,0,NA,NA,NA,2141,high
CP2,YOSE1,3,1,3,B3,7,4,0,0,NA,NA,NA,2141,high
CP2,YOSE1,3,1,3,B3,8,4,0,1,NA,NA,NA,2141,high
CP2,IH,3,1,3,B4,1,1,0,0,NA,NA,NA,454,low
CP2,IH,3,1,3,B4,2,1,0,0,NA,NA,NA,454,low
CP2,IH,3,1,3,B4,3,1,0,0,NA,NA,NA,454,low
CP2,IH,3,1,3,B4,4,2,0,0,NA,NA,NA,454,low
CP2,IH,3,1,3,B4,5,4,0,1,NA,NA,NA,454,low
CP2,IH,3,1,3,B4,6,4,0,0,NA,NA,NA,454,low
CP2,IH,3,1,3,B4,7,4,0,0,NA,NA,NA,454,low
CP2,IH,3,1,3,B4,8,4,0,0,NA,NA,NA,454,low
CP2,IH,3,1,3,B4,9,4,0,0,NA,NA,NA,454,low
CP2,IH,3,1,NA,NA,10,1,1,NA,NA,NA,NA,454,low
CP2,WL3,3,1,3,C1,1,1,0,0,NA,NA,NA,2138,high
CP2,WL3,3,1,3,C1,2,1,0,0,NA,NA,NA,2138,high
CP2,WL3,3,1,3,C1,3,1,0,0,NA,NA,NA,2138,high
CP2,WL3,3,1,3,C1,4,1,0,0,NA,NA,NA,2138,high
CP2,WL3,3,1,3,C1,5,4,0,1,NA,NA,NA,2138,high
CP2,WL3,3,1,3,C1,6,1,0,0,NA,NA,NA,2138,high
CP2,WL3,3,1,3,C1,7,4,0,1,NA,NA,NA,2138,high
CP2,WL3,3,1,3,C1,8,1,0,0,NA,NA,NA,2138,high
CP2,WL3,3,1,3,C1,9,4,0,0,NA,NA,NA,2138,high
CP2,WL1,3,1,3,C2,1,1,0,0,NA,NA,NA,1614,mid
CP2,WL1,3,1,3,C2,2,4,0,0,NA,NA,NA,1614,mid
CP2,WL1,3,1,3,C2,3,4,0,1,NA,NA,NA,1614,mid
CP2,WL1,3,1,3,C2,4,3,0,0,0,1,NA,1614,mid
CP2,WL1,3,1,3,C2,5,4,0,1,NA,NA,NA,1614,mid
CP2,WL1,3,1,3,C2,6,3,0,0,0,0,NA,1614,mid
CP2,WL1,3,1,3,C2,7,4,0,1,NA,NA,NA,1614,mid
CP2,WL1,3,1,3,C2,8,1,0,0,NA,NA,NA,1614,mid
CP2,WL1,3,1,3,C2,9,2,0,0,NA,NA,NA,1614,mid
CP2,WL1,3,1,3,C2,10,1,0,0,NA,NA,NA,1614,mid
CP2,SC,3,1,3,C3,1,1,0,0,NA,NA,NA,422,low
CP2,SC,3,1,3,C3,2,1,0,0,NA,NA,NA,422,low
CP2,SC,3,1,3,C3,3,1,0,0,NA,NA,NA,422,low
CP2,SC,3,1,3,C3,4,1,0,0,NA,NA,NA,422,low
CP2,DPR,4,1,4,A1,1,1,0,0,NA,NA,NA,1019,mid
CP2,DPR,4,1,4,A1,2,1,0,0,NA,NA,NA,1019,mid
CP2,DPR,4,1,4,A1,3,1,0,0,NA,NA,NA,1019,mid
CP2,DPR,4,1,4,A1,4,4,0,1,NA,NA,NA,1019,mid
CP2,DPR,4,1,4,A1,5,1,0,0,NA,NA,NA,1019,mid
CP2,DPR,4,1,4,A1,6,1,0,0,NA,NA,NA,1019,mid
CP2,DPR,4,1,4,A1,7,1,0,0,NA,NA,NA,1019,mid
CP2,DPR,4,1,4,A1,8,1,0,0,NA,NA,NA,1019,mid
CP2,DPR,4,1,4,A1,9,1,0,0,NA,NA,NA,1019,mid
CP2,WL1,4,1,4,A2,1,1,0,0,NA,NA,NA,1614,mid
CP2,WL1,4,1,4,A2,2,1,0,0,NA,NA,NA,1614,mid
CP2,WL1,4,1,4,A2,3,1,0,0,NA,NA,NA,1614,mid
CP2,WL1,4,1,4,A2,4,1,0,0,NA,NA,NA,1614,mid
CP2,WL1,4,1,4,A2,5,1,0,0,NA,NA,NA,1614,mid
CP2,WL1,4,1,4,A2,6,1,0,0,NA,NA,NA,1614,mid
CP2,WL1,4,1,4,A2,7,1,0,0,NA,NA,NA,1614,mid
CP2,WL1,4,1,4,A2,8,4,0,0,NA,NA,NA,1614,mid
CP2,WL1,4,1,4,A2,9,4,0,0,NA,NA,NA,1614,mid
CP2,WL1,4,1,NA,NA,10,1,1,NA,NA,NA,NA,1614,mid
CP2,SQ3,4,1,4,A3,1,1,0,0,NA,NA,NA,2373,high
CP2,SQ3,4,1,4,A3,2,4,0,1,NA,NA,NA,2373,high
CP2,SQ3,4,1,4,A3,3,4,0,1,NA,NA,NA,2373,high
CP2,WL3,4,1,4,A4,1,1,0,0,NA,NA,NA,2138,high
CP2,WL3,4,1,4,A4,2,1,0,0,NA,NA,NA,2138,high
CP2,WL3,4,1,4,A4,3,1,0,0,NA,NA,NA,2138,high
CP2,WL3,4,1,4,A4,4,1,0,0,NA,NA,NA,2138,high
CP2,WL3,4,1,4,A4,5,1,0,0,NA,NA,NA,2138,high
CP2,WL3,4,1,4,A4,6,1,0,0,NA,NA,NA,2138,high
CP2,WL3,4,1,4,A4,7,4,0,0,NA,NA,NA,2138,high
CP2,WL3,4,1,4,A4,8,1,0,0,NA,NA,NA,2138,high
CP2,WL2,4,1,4,B1,1,1,0,0,NA,NA,NA,2020,high
CP2,WL2,4,1,4,B1,2,1,0,0,NA,NA,NA,2020,high
CP2,WL2,4,1,4,B1,3,4,0,1,NA,NA,NA,2020,high
CP2,WL2,4,1,4,B1,4,4,0,0,NA,NA,NA,2020,high
CP2,WL2,4,1,NA,NA,5,1,1,NA,NA,NA,NA,2020,high
CP2,YOSE1,4,1,4,B2,1,1,0,0,NA,NA,NA,2141,high
CP2,YOSE1,4,1,4,B2,2,1,0,0,NA,NA,NA,2141,high
CP2,YOSE1,4,1,4,B2,3,1,0,0,NA,NA,NA,2141,high
CP2,YOSE1,4,1,4,B2,4,4,0,1,NA,NA,NA,2141,high
CP2,YOSE1,4,1,4,B2,5,4,0,0,NA,NA,NA,2141,high
CP2,IH,4,1,4,B3,1,1,0,0,NA,NA,NA,454,low
CP2,IH,4,1,4,B3,2,1,0,0,NA,NA,NA,454,low
CP2,IH,4,1,4,B3,3,1,0,0,NA,NA,NA,454,low
CP2,IH,4,1,4,B3,4,1,0,0,NA,NA,NA,454,low
CP2,IH,4,1,4,B3,5,4,0,0,NA,NA,NA,454,low
CP2,IH,4,1,4,B3,6,1,0,0,NA,NA,NA,454,low
CP2,IH,4,1,4,B3,7,4,0,0,NA,NA,NA,454,low
CP2,IH,4,1,4,B3,8,4,0,0,NA,NA,NA,454,low
CP2,IH,4,1,4,B3,9,4,0,1,NA,NA,NA,454,low
CP2,IH,4,1,NA,NA,10,1,1,NA,NA,NA,NA,454,low
CP2,TM2,4,1,4,B4,1,1,0,0,NA,NA,NA,379,low
CP2,TM2,4,1,4,B4,2,1,0,0,NA,NA,NA,379,low
CP2,TM2,4,1,4,B4,3,1,0,0,NA,NA,NA,379,low
CP2,TM2,4,1,4,B4,4,1,0,0,NA,NA,NA,379,low
CP2,TM2,4,1,4,B4,5,4,0,0,NA,NA,NA,379,low
CP2,TM2,4,1,NA,NA,6,1,1,NA,NA,NA,2 SEEDS IN CP2_TM2_R4 GERM IN BAG,379,low
CP2,TM2,4,1,NA,NA,7,1,1,NA,NA,NA,NA,379,low
CP2,BH,4,1,4,C1,1,1,0,0,NA,NA,NA,511,low
CP2,BH,4,1,4,C1,2,1,0,0,NA,NA,NA,511,low
CP2,BH,4,1,4,C1,3,1,0,0,NA,NA,NA,511,low
CP2,BH,4,1,4,C1,4,1,0,0,NA,NA,NA,511,low
CP2,BH,4,1,4,C1,5,1,0,0,NA,NA,NA,511,low
CP2,BH,4,1,4,C1,6,4,0,0,NA,NA,NA,511,low
CP2,BH,4,1,4,C1,7,4,0,1,NA,NA,NA,511,low
CP2,BH,4,1,4,C1,8,4,0,1,NA,NA,NA,511,low
CP2,SC,4,1,4,C2,1,1,0,0,NA,NA,NA,422,low
CP2,SC,4,1,4,C2,2,2,0,1,NA,NA,light purple band,422,low
CP2,SC,4,1,4,C2,3,1,0,0,NA,NA,NA,422,low
CP2,SC,4,1,4,C2,4,1,0,0,NA,NA,NA,422,low
CP2,SC,4,1,4,C2,5,1,0,0,NA,NA,NA,422,low
CP2,SC,4,1,NA,NA,6,1,1,NA,NA,NA,2 SEEDS IN CP2_SC_R4 GERM IN BAG,422,low
CP2,SC,4,1,NA,NA,7,1,1,NA,NA,NA,NA,422,low
CP2,LV2,4,1,4,C3,1,1,0,0,NA,NA,NA,2500,high
CP2,LV2,4,1,4,C3,2,1,0,0,NA,NA,NA,2500,high
CP2,LV2,4,1,4,C3,3,1,0,0,NA,NA,NA,2500,high
CP2,LV2,4,1,4,C3,4,1,0,0,NA,NA,NA,2500,high
CP2,LV2,4,1,4,C3,5,1,0,0,NA,NA,NA,2500,high
CP2,LV2,4,1,4,C3,6,1,0,0,NA,NA,NA,2500,high
CP2,LV2,4,1,4,C3,7,1,0,0,NA,NA,NA,2500,high
CP2,LV2,4,1,4,C3,8,1,0,0,NA,NA,NA,2500,high
CP2,IH,5,1,5,A1,1,1,0,0,NA,NA,NA,454,low
CP2,IH,5,1,5,A1,2,1,0,0,NA,NA,NA,454,low
CP2,IH,5,1,5,A1,3,1,0,0,NA,NA,NA,454,low
CP2,IH,5,1,5,A1,4,1,0,0,NA,NA,NA,454,low
CP2,IH,5,1,5,A1,5,1,0,0,NA,NA,NA,454,low
CP2,IH,5,1,5,A1,6,1,0,0,NA,NA,NA,454,low
CP2,IH,5,1,5,A1,7,1,0,0,NA,NA,NA,454,low
CP2,IH,5,1,5,A1,8,4,0,0,NA,NA,NA,454,low
CP2,WL1,5,1,5,A2,1,1,0,0,NA,NA,NA,1614,mid
CP2,WL1,5,1,5,A2,2,1,0,0,NA,NA,NA,1614,mid
CP2,WL1,5,1,5,A2,3,1,0,0,NA,NA,NA,1614,mid
CP2,WL1,5,1,5,A2,4,1,0,0,NA,NA,NA,1614,mid
CP2,WL1,5,1,5,A2,5,2,0,0,NA,NA,NA,1614,mid
CP2,WL1,5,1,5,A2,6,4,0,0,NA,NA,NA,1614,mid
CP2,WL1,5,1,5,A2,7,4,0,0,NA,NA,NA,1614,mid
CP2,WL1,5,1,5,A2,8,4,0,0,NA,NA,NA,1614,mid
CP2,WL1,5,1,5,A2,9,4,0,0,NA,NA,NA,1614,mid
CP2,DPR,5,1,5,A3,1,1,0,0,NA,NA,NA,1019,mid
CP2,DPR,5,1,5,A3,2,1,0,0,NA,NA,NA,1019,mid
CP2,DPR,5,1,5,A3,3,1,0,0,NA,NA,NA,1019,mid
CP2,DPR,5,1,5,A3,4,1,0,0,NA,NA,NA,1019,mid
CP2,DPR,5,1,5,A3,5,1,0,0,NA,NA,NA,1019,mid
CP2,DPR,5,1,5,A3,6,1,0,0,NA,NA,NA,1019,mid
CP2,DPR,5,1,5,A3,7,1,0,0,NA,NA,NA,1019,mid
CP2,DPR,5,1,5,A3,8,1,0,0,NA,NA,NA,1019,mid
CP2,DPR,5,1,5,A3,9,1,0,0,NA,NA,NA,1019,mid
CP2,DPR,5,1,5,A3,10,4,0,0,NA,NA,NA,1019,mid
CP2,LV2,5,1,5,A4,1,1,0,0,NA,NA,NA,2500,high
CP2,LV2,5,1,5,A4,2,1,0,0,NA,NA,NA,2500,high
CP2,LV2,5,1,5,A4,3,1,0,0,NA,NA,NA,2500,high
CP2,LV2,5,1,5,A4,4,1,0,0,NA,NA,NA,2500,high
CP2,LV2,5,1,5,A4,5,1,0,0,NA,NA,NA,2500,high
CP2,LV2,5,1,5,A4,6,4,0,0,NA,NA,NA,2500,high
CP2,LV2,5,1,5,A4,7,1,0,0,NA,NA,NA,2500,high
CP2,WL3,5,1,5,B1,1,1,0,0,NA,NA,NA,2138,high
CP2,WL3,5,1,5,B1,2,1,0,0,NA,NA,NA,2138,high
CP2,WL3,5,1,5,B1,3,1,0,0,NA,NA,NA,2138,high
CP2,WL3,5,1,5,B1,4,2,0,0,NA,NA,NA,2138,high
CP2,WL3,5,1,5,B1,5,1,0,0,NA,NA,NA,2138,high
CP2,WL3,5,1,5,B1,6,4,0,0,NA,NA,NA,2138,high
CP2,WL3,5,1,5,B1,7,4,0,0,NA,NA,NA,2138,high
CP2,WL3,5,1,5,B1,8,4,0,0,NA,NA,NA,2138,high
CP2,WL3,5,1,5,B1,9,4,0,0,NA,NA,NA,2138,high
CP2,WL3,5,1,5,B1,10,4,0,0,NA,NA,NA,2138,high
CP2,BH,5,1,5,B2,1,1,0,0,NA,NA,NA,511,low
CP2,BH,5,1,5,B2,2,1,0,0,NA,NA,NA,511,low
CP2,BH,5,1,5,B2,3,1,0,0,NA,NA,NA,511,low
CP2,BH,5,1,5,B2,4,1,0,0,NA,NA,NA,511,low
CP2,BH,5,1,5,B2,5,1,0,0,NA,NA,NA,511,low
CP2,BH,5,1,5,B2,6,4,0,0,NA,NA,NA,511,low
CP2,BH,5,1,5,B2,7,4,0,0,NA,NA,NA,511,low
CP2,WL2,5,1,5,B3,1,1,0,0,NA,NA,NA,2020,high
CP2,WL2,5,1,5,B3,2,1,0,0,NA,NA,NA,2020,high
CP2,WL2,5,1,5,B3,3,1,0,0,NA,NA,NA,2020,high
CP2,WL2,5,1,5,B3,4,1,0,0,NA,NA,NA,2020,high
CP2,WL2,5,1,5,B3,5,1,0,0,NA,NA,NA,2020,high
CP2,WL2,5,1,5,B3,6,3,0,1,0,0,purple cap and band,2020,high
CP2,WL2,5,1,5,B3,7,1,0,0,NA,NA,NA,2020,high
CP2,WL2,5,1,5,B3,8,1,0,0,NA,NA,NA,2020,high
CP2,WL2,5,1,5,B3,9,1,0,0,NA,NA,NA,2020,high
CP2,SC,5,1,5,B4,1,4,0,0,NA,NA,NA,422,low
CP2,SC,5,1,5,B4,2,1,0,0,NA,NA,NA,422,low
CP2,SC,5,1,5,B4,3,3,0,0,0,1,NA,422,low
CP2,SC,5,1,5,B4,4,1,0,0,NA,NA,NA,422,low
CP2,SC,5,1,NA,NA,5,1,1,NA,NA,NA,NA,422,low
CP2,SQ3,5,1,5,C1,1,1,0,0,NA,NA,NA,2373,high
CP2,SQ3,5,1,5,C1,2,1,0,0,NA,NA,NA,2373,high
CP2,SQ3,5,1,5,C1,3,4,0,0,NA,NA,NA,2373,high
CP2,YOSE1,5,1,5,C2,1,1,0,0,NA,NA,NA,2141,high
CP2,YOSE1,5,1,5,C2,2,1,0,0,NA,NA,NA,2141,high
CP2,YOSE1,5,1,5,C2,3,1,0,0,NA,NA,NA,2141,high
CP2,YOSE1,5,1,5,C2,4,4,0,0,NA,NA,NA,2141,high
CP2,YOSE1,5,1,5,C2,5,1,0,0,NA,NA,NA,2141,high
CP2,YOSE1,5,1,5,C2,6,1,0,0,NA,NA,NA,2141,high
CP2,YOSE1,5,1,NA,NA,8,1,1,NA,NA,NA,2 SEEDS IN CP2_YOSE1_R5 GERM IN BAG,2141,high
CP2,YOSE1,5,1,NA,NA,9,1,1,NA,NA,NA,NA,2141,high
CP2,TM2,5,1,5,C3,1,1,0,0,NA,NA,NA,379,low
CP2,TM2,5,1,5,C3,2,1,0,0,NA,NA,NA,379,low
CP2,TM2,5,1,5,C3,3,1,0,0,NA,NA,NA,379,low
CP2,TM2,5,1,5,C3,4,3,0,1,0,1,purple outer embryo,379,low
CP2,TM2,5,1,5,C3,5,1,0,0,NA,NA,NA,379,low
CP2,WL2,6,1,6,A1,1,1,0,0,NA,NA,NA,2020,high
CP2,WL2,6,1,6,A1,2,4,0,0,NA,NA,NA,2020,high
CP2,WL2,6,1,6,A1,3,1,0,0,NA,NA,NA,2020,high
CP2,WL2,6,1,6,A1,4,1,0,0,NA,NA,NA,2020,high
CP2,WL2,6,1,6,A1,5,1,0,0,NA,NA,NA,2020,high
CP2,WL2,6,1,6,A1,6,1,0,0,NA,NA,NA,2020,high
CP2,WL1,6,1,6,A2,1,1,0,0,NA,NA,NA,1614,mid
CP2,WL1,6,1,6,A2,2,1,0,0,NA,NA,NA,1614,mid
CP2,WL1,6,1,6,A2,3,3,0,1,0,1,purple band,1614,mid
CP2,WL1,6,1,6,A2,4,1,0,0,NA,NA,NA,1614,mid
CP2,WL1,6,1,6,A2,5,1,0,0,NA,NA,NA,1614,mid
CP2,WL1,6,1,6,A2,6,4,0,0,NA,NA,NA,1614,mid
CP2,WL1,6,1,6,A2,7,4,0,0,NA,NA,NA,1614,mid
CP2,WL1,6,1,6,A2,8,4,0,0,NA,NA,NA,1614,mid
CP2,WL1,6,1,6,A2,9,4,0,0,NA,NA,NA,1614,mid
CP2,WL1,6,1,6,A2,10,4,0,0,NA,NA,NA,1614,mid
CP2,WL3,6,1,6,A3,1,1,0,0,NA,NA,NA,2138,high
CP2,WL3,6,1,6,A3,2,1,0,0,NA,NA,NA,2138,high
CP2,WL3,6,1,6,A3,3,1,0,0,NA,NA,NA,2138,high
CP2,WL3,6,1,6,A3,4,4,0,0,NA,NA,NA,2138,high
CP2,WL3,6,1,6,A3,5,4,0,0,NA,NA,NA,2138,high
CP2,WL3,6,1,6,A3,6,1,0,0,NA,NA,NA,2138,high
CP2,WL3,6,1,6,A3,7,1,0,0,NA,NA,NA,2138,high
CP2,WL3,6,1,6,A3,8,4,0,0,NA,NA,NA,2138,high
CP2,WL3,6,1,6,A3,9,4,0,0,NA,NA,NA,2138,high
CP2,BH,6,1,6,A4,1,1,0,0,NA,NA,NA,511,low
CP2,BH,6,1,6,A4,2,1,0,0,NA,NA,NA,511,low
CP2,BH,6,1,6,A4,3,1,0,0,NA,NA,NA,511,low
CP2,BH,6,1,6,A4,4,1,0,0,NA,NA,NA,511,low
CP2,BH,6,1,6,A4,5,1,0,0,NA,NA,NA,511,low
CP2,BH,6,1,6,A4,6,4,0,0,NA,NA,NA,511,low
CP2,BH,6,1,6,A4,7,4,0,0,NA,NA,NA,511,low
CP2,YOSE1,6,1,6,B1,1,1,0,0,NA,NA,NA,2141,high
CP2,YOSE1,6,1,6,B1,2,1,0,0,NA,NA,NA,2141,high
CP2,YOSE1,6,1,6,B1,3,1,0,0,NA,NA,NA,2141,high
CP2,YOSE1,6,1,6,B1,4,1,0,0,NA,NA,NA,2141,high
CP2,YOSE1,6,1,6,B1,5,4,0,0,NA,NA,NA,2141,high
CP2,YOSE1,6,1,6,B1,6,4,0,0,NA,NA,NA,2141,high
CP2,YOSE1,6,1,6,B1,7,4,0,0,NA,NA,NA,2141,high
CP2,YOSE1,6,1,6,B1,8,4,0,0,NA,NA,NA,2141,high
CP2,YOSE1,6,1,6,B1,9,4,0,0,NA,NA,NA,2141,high
CP2,LV2,6,1,6,B2,1,1,0,0,NA,NA,NA,2500,high
CP2,LV2,6,1,6,B2,2,1,0,0,NA,NA,NA,2500,high
CP2,LV2,6,1,6,B2,3,1,0,0,NA,NA,NA,2500,high
CP2,LV2,6,1,6,B2,4,1,0,0,NA,NA,NA,2500,high
CP2,LV2,6,1,6,B2,5,2,0,0,NA,NA,NA,2500,high
CP2,LV2,6,1,6,B2,6,1,0,0,NA,NA,NA,2500,high
CP2,DPR,6,1,6,B3,1,1,0,0,NA,NA,NA,1019,mid
CP2,DPR,6,1,6,B3,2,1,0,0,NA,NA,NA,1019,mid
CP2,DPR,6,1,6,B3,3,1,0,0,NA,NA,NA,1019,mid
CP2,DPR,6,1,6,B3,4,1,0,0,NA,NA,NA,1019,mid
CP2,DPR,6,1,6,B3,5,3,0,1,0,1,"light purple band, little green at the top of the embryo",1019,mid
CP2,DPR,6,1,6,B3,6,1,0,0,NA,NA,NA,1019,mid
CP2,DPR,6,1,6,B3,7,4,0,0,NA,NA,NA,1019,mid
CP2,TM2,6,1,6,B4,1,1,0,0,NA,NA,NA,379,low
CP2,TM2,6,1,6,B4,2,1,0,0,NA,NA,NA,379,low
CP2,TM2,6,1,6,B4,3,1,0,0,NA,NA,NA,379,low
CP2,TM2,6,1,6,B4,4,2,0,0,NA,NA,NA,379,low
CP2,TM2,6,1,6,B4,5,1,0,0,NA,NA,NA,379,low
CP2,TM2,6,1,6,B4,6,3,0,1,0,0,"purple band, purple embryo",379,low
CP2,IH,6,1,6,C1,1,3,0,1,0,1,"purple band, purple embryo, little green at the top of the embryo",454,low
CP2,IH,6,1,6,C1,2,1,0,0,NA,NA,NA,454,low
CP2,IH,6,1,6,C1,3,1,0,0,NA,NA,NA,454,low
CP2,IH,6,1,6,C1,4,1,0,0,NA,NA,NA,454,low
CP2,IH,6,1,6,C1,5,1,0,0,NA,NA,NA,454,low
CP2,IH,6,1,6,C1,6,4,0,0,NA,NA,NA,454,low
CP2,IH,6,1,6,C1,7,4,0,0,NA,NA,NA,454,low
CP2,IH,6,1,6,C1,8,4,0,0,NA,NA,NA,454,low
CP2,IH,6,1,6,C1,9,4,0,0,NA,NA,NA,454,low
CP2,SC,6,1,6,C2,1,1,0,0,NA,NA,NA,422,low
CP2,SC,6,1,6,C2,2,1,0,0,NA,NA,NA,422,low
CP2,SC,6,1,6,C2,3,1,0,0,NA,NA,NA,422,low
CP2,SC,6,1,6,C2,4,1,0,0,NA,NA,NA,422,low
CP2,SQ3,6,1,6,C3,1,1,0,0,NA,NA,NA,2373,high
CP2,SQ3,6,1,6,C3,2,1,0,0,NA,NA,NA,2373,high
CP2,SQ3,6,1,6,C3,3,1,0,0,NA,NA,NA,2373,high
CP2,SQ3,6,1,6,C3,4,4,0,0,NA,NA,NA,2373,high
CP2,IH,7,1,7,A1,1,1,0,0,NA,NA,NA,454,low
CP2,IH,7,1,7,A1,2,1,0,0,NA,NA,NA,454,low
CP2,IH,7,1,7,A1,3,1,0,0,NA,NA,NA,454,low
CP2,IH,7,1,7,A1,4,1,0,0,NA,NA,NA,454,low
CP2,IH,7,1,7,A1,5,1,0,0,NA,NA,NA,454,low
CP2,IH,7,1,7,A1,6,4,0,0,NA,NA,NA,454,low
CP2,IH,7,1,7,A1,7,4,0,0,NA,NA,NA,454,low
CP2,IH,7,1,7,A1,8,4,0,0,NA,NA,NA,454,low
CP2,IH,7,1,7,A1,9,4,0,0,NA,NA,NA,454,low
CP2,YOSE1,7,1,7,A2,1,1,0,0,NA,NA,NA,2141,high
CP2,YOSE1,7,1,7,A2,2,1,0,0,NA,NA,NA,2141,high
CP2,YOSE1,7,1,7,A2,3,1,0,0,NA,NA,NA,2141,high
CP2,YOSE1,7,1,7,A2,4,1,0,0,NA,NA,NA,2141,high
CP2,YOSE1,7,1,7,A2,5,1,0,0,NA,NA,NA,2141,high
CP2,YOSE1,7,1,7,A2,6,4,0,0,NA,NA,NA,2141,high
CP2,YOSE1,7,1,7,A2,7,4,0,0,NA,NA,NA,2141,high
CP2,YOSE1,7,1,7,A2,8,4,0,0,NA,NA,NA,2141,high
CP2,WL1,7,1,7,A3,1,1,0,0,NA,NA,NA,1614,mid
CP2,WL1,7,1,7,A3,2,1,0,0,NA,NA,NA,1614,mid
CP2,WL1,7,1,7,A3,3,1,0,0,NA,NA,NA,1614,mid
CP2,WL1,7,1,7,A3,4,4,0,0,NA,NA,NA,1614,mid
CP2,WL1,7,1,7,A3,5,4,0,0,NA,NA,NA,1614,mid
CP2,WL1,7,1,7,A3,6,4,0,0,NA,NA,NA,1614,mid
CP2,WL1,7,1,7,A3,7,4,0,0,NA,NA,NA,1614,mid
CP2,WL1,7,1,7,A3,8,4,0,0,NA,NA,NA,1614,mid
CP2,WL1,7,1,7,A3,9,4,0,0,NA,NA,NA,1614,mid
CP2,WL1,7,1,7,A3,10,4,0,0,NA,NA,NA,1614,mid
CP2,WL1,7,1,7,A3,11,4,0,0,NA,NA,NA,1614,mid
CP2,WL2,7,1,7,A4,1,1,0,0,NA,NA,NA,2020,high
CP2,WL2,7,1,7,A4,2,1,0,0,NA,NA,NA,2020,high
CP2,WL2,7,1,7,A4,3,1,0,0,NA,NA,NA,2020,high
CP2,WL2,7,1,7,A4,4,1,0,0,NA,NA,NA,2020,high
CP2,WL2,7,1,7,A4,5,1,0,0,NA,NA,NA,2020,high
CP2,WL2,7,1,7,A4,6,1,0,0,NA,NA,NA,2020,high
CP2,WL2,7,1,7,A4,7,1,0,0,NA,NA,NA,2020,high
CP2,WL2,7,1,7,A4,8,4,0,0,NA,NA,NA,2020,high
CP2,WL2,7,1,7,A4,9,4,0,0,NA,NA,NA,2020,high
CP2,WL2,7,1,7,A4,10,4,0,0,NA,NA,NA,2020,high
CP2,WL3,7,1,7,B1,1,1,0,0,NA,NA,NA,2138,high
CP2,WL3,7,1,7,B1,2,1,0,0,NA,NA,NA,2138,high
CP2,WL3,7,1,7,B1,3,1,0,0,NA,NA,NA,2138,high
CP2,WL3,7,1,7,B1,4,3,0,0,0,1,seed coat lost so no photos of seed with coat and removed,2138,high
CP2,WL3,7,1,7,B1,5,1,0,0,NA,NA,NA,2138,high
CP2,WL3,7,1,7,B1,6,1,0,0,NA,NA,NA,2138,high
CP2,WL3,7,1,7,B1,7,4,0,0,NA,NA,NA,2138,high
CP2,WL3,7,1,7,B1,8,4,0,0,NA,NA,NA,2138,high
CP2,WL3,7,1,7,B1,9,4,0,0,NA,NA,NA,2138,high
CP2,SC,7,1,7,B2,1,1,0,0,NA,NA,NA,422,low
CP2,SC,7,1,7,B2,2,1,0,0,NA,NA,NA,422,low
CP2,SC,7,1,7,B2,3,1,0,0,NA,NA,NA,422,low
CP2,SC,7,1,7,B2,4,1,0,0,NA,NA,NA,422,low
CP2,SC,7,1,7,B2,5,1,0,0,NA,NA,NA,422,low
CP2,SC,7,1,7,B2,6,1,0,0,NA,NA,NA,422,low
CP2,SC,7,1,7,B2,7,1,0,0,NA,NA,NA,422,low
CP2,SC,7,1,7,B2,8,4,0,0,NA,NA,NA,422,low
CP2,SC,7,1,7,B2,9,4,0,0,NA,NA,NA,422,low
CP2,SC,7,1,7,B2,10,4,0,0,NA,NA,NA,422,low
CP2,LV2,7,1,7,B3,1,1,0,0,NA,NA,NA,2500,high
CP2,LV2,7,1,7,B3,2,1,0,0,NA,NA,NA,2500,high
CP2,LV2,7,1,7,B3,3,1,0,0,NA,NA,NA,2500,high
CP2,LV2,7,1,7,B3,4,1,0,0,NA,NA,NA,2500,high
CP2,LV2,7,1,7,B3,5,1,0,0,NA,NA,NA,2500,high
CP2,LV2,7,1,7,B3,6,1,0,0,NA,NA,NA,2500,high
CP2,LV2,7,1,7,B3,7,1,0,0,NA,NA,NA,2500,high
CP2,LV2,7,1,NA,NA,8,1,1,NA,NA,NA,NA,2500,high
CP2,SQ3,7,1,7,B4,1,1,0,0,NA,NA,NA,2373,high
CP2,SQ3,7,1,7,B4,2,1,0,0,NA,NA,NA,2373,high
CP2,SQ3,7,1,7,B4,3,4,0,0,NA,NA,NA,2373,high
CP2,SQ3,7,1,7,B4,4,1,0,0,NA,NA,NA,2373,high
CP2,TM2,7,1,7,C1,1,1,0,0,NA,NA,NA,379,low
CP2,TM2,7,1,7,C1,2,1,0,0,NA,NA,NA,379,low
CP2,TM2,7,1,7,C1,3,1,0,0,NA,NA,NA,379,low
CP2,TM2,7,1,7,C1,4,1,0,0,NA,NA,NA,379,low
CP2,TM2,7,1,7,C1,5,1,0,0,NA,NA,NA,379,low
CP2,TM2,7,1,7,C1,6,1,0,0,NA,NA,NA,379,low
CP2,TM2,7,1,7,C1,7,1,0,0,NA,NA,NA,379,low
CP2,TM2,7,1,7,C1,8,1,0,0,NA,NA,NA,379,low
CP2,TM2,7,1,7,C1,9,1,0,0,NA,NA,NA,379,low
CP2,DPR,7,1,7,C2,1,1,0,0,NA,NA,NA,1019,mid
CP2,DPR,7,1,7,C2,2,1,0,0,NA,NA,NA,1019,mid
CP2,DPR,7,1,7,C2,3,1,0,0,NA,NA,NA,1019,mid
CP2,DPR,7,1,7,C2,4,1,0,0,NA,NA,NA,1019,mid
CP2,DPR,7,1,7,C2,5,1,0,0,NA,NA,NA,1019,mid
CP2,DPR,7,1,7,C2,6,4,0,0,NA,NA,NA,1019,mid
CP2,DPR,7,1,7,C2,7,4,0,0,NA,NA,NA,1019,mid
CP2,DPR,7,1,7,C2,8,4,0,0,NA,NA,NA,1019,mid
CP2,DPR,7,1,7,C2,9,4,0,0,NA,NA,NA,1019,mid
CP2,BH,7,1,7,C3,1,1,0,0,NA,NA,NA,511,low
CP2,BH,7,1,7,C3,2,1,0,0,NA,NA,NA,511,low
CP2,BH,7,1,7,C3,3,1,0,0,NA,NA,NA,511,low
CP2,BH,7,1,7,C3,4,1,0,0,NA,NA,NA,511,low
CP2,BH,7,1,7,C3,5,1,0,0,NA,NA,NA,511,low
CP2,BH,7,1,7,C3,6,1,0,0,NA,NA,NA,511,low
CP2,BH,7,1,7,C3,7,4,0,0,NA,NA,NA,511,low
CP2,BH,7,1,7,C3,8,4,0,0,NA,NA,NA,511,low
CP2,BH,7,1,7,C3,9,4,0,0,NA,NA,NA,511,low
CP2,BH,7,1,NA,NA,10,1,1,NA,NA,NA,3 SEEDS IN CP2_BH_R7 GERM IN BAG,511,low
CP2,BH,7,1,NA,NA,11,1,1,NA,NA,NA,NA,511,low
CP2,BH,7,1,NA,NA,12,1,1,NA,NA,NA,NA,511,low
CP2,SC,8,1,8,A1,1,1,0,0,NA,NA,NA,422,low
CP2,SC,8,1,8,A1,2,1,0,0,NA,NA,NA,422,low
CP2,SC,8,1,8,A1,3,1,0,0,NA,NA,NA,422,low
CP2,SC,8,1,8,A1,4,1,0,0,NA,NA,NA,422,low
CP2,SC,8,1,8,A1,5,1,0,0,NA,NA,NA,422,low
CP2,SC,8,1,8,A1,6,1,0,0,NA,NA,NA,422,low
CP2,SC,8,1,8,A1,7,1,0,0,NA,NA,NA,422,low
CP2,SC,8,1,8,A1,8,1,0,0,NA,NA,NA,422,low
CP2,SC,8,1,8,A1,9,4,0,0,NA,NA,NA,422,low
CP3,SC,8,1,8,A1,10,4,0,0,NA,NA,NA,422,low
CP2,WL2,8,1,8,A2,1,4,0,0,NA,NA,NA,2020,high
CP2,WL2,8,1,8,A2,2,4,0,0,NA,NA,NA,2020,high
CP2,WL2,8,1,8,A2,3,1,0,0,NA,NA,NA,2020,high
CP2,WL2,8,1,8,A2,4,2,0,1,NA,NA,purple band,2020,high
CP2,WL2,8,1,8,A2,5,3,0,1,0,0,light purple stain on the embryo,2020,high
CP2,WL2,8,1,8,A2,6,4,0,0,NA,NA,NA,2020,high
CP2,WL2,8,1,8,A2,7,3,0,0,NA,NA,NA,2020,high
CP2,WL2,8,1,8,A2,8,4,0,0,NA,NA,NA,2020,high
CP2,WL2,8,1,8,A2,9,4,0,0,NA,NA,NA,2020,high
CP2,LV2,8,1,8,A3,1,1,0,0,NA,NA,NA,2500,high
CP2,LV2,8,1,8,A3,2,1,0,0,NA,NA,NA,2500,high
CP2,LV2,8,1,8,A3,3,1,0,0,NA,NA,NA,2500,high
CP2,LV2,8,1,8,A3,4,1,0,0,NA,NA,NA,2500,high
CP2,LV2,8,1,8,A3,5,1,0,0,NA,NA,NA,2500,high
CP2,LV2,8,1,8,A3,6,3,0,1,0,0,"purple embryo, purple band and cap",2500,high
CP2,BH,8,1,8,A4,1,4,0,0,NA,NA,NA,511,low
CP2,WL1,8,1,8,B1,1,1,0,0,NA,NA,NA,1614,mid
CP2,WL1,8,1,8,B1,2,4,0,0,NA,NA,NA,1614,mid
CP2,WL1,8,1,8,B1,3,1,0,0,NA,NA,NA,1614,mid
CP2,WL1,8,1,8,B1,4,1,0,0,NA,NA,NA,1614,mid
CP2,WL1,8,1,8,B1,5,1,0,0,NA,NA,NA,1614,mid
CP2,WL1,8,1,8,B1,6,1,0,0,NA,NA,NA,1614,mid
CP2,WL1,8,1,8,B1,7,4,0,0,NA,NA,NA,1614,mid
CP2,WL1,8,1,8,B1,8,4,0,0,NA,NA,NA,1614,mid
CP2,WL1,8,1,8,B1,9,4,0,0,NA,NA,NA,1614,mid
CP2,WL1,8,1,8,B1,10,1,0,0,NA,NA,NA,1614,mid
CP2,TM2,8,1,8,B2,1,1,0,0,NA,NA,NA,379,low
CP2,TM2,8,1,8,B2,2,1,0,0,NA,NA,NA,379,low
CP2,TM2,8,1,8,B2,3,1,0,0,NA,NA,NA,379,low
CP2,TM2,8,1,8,B2,4,1,0,0,NA,NA,NA,379,low
CP2,TM2,8,1,8,B2,5,1,0,0,NA,NA,NA,379,low
CP2,TM2,8,1,8,B2,6,4,0,0,NA,NA,NA,379,low
CP2,TM2,8,1,8,B2,7,1,0,0,NA,NA,NA,379,low
CP2,TM2,8,1,8,B2,8,1,0,0,NA,NA,NA,379,low
CP2,TM2,8,1,8,B2,9,4,0,0,NA,NA,NA,379,low
CP2,TM2,8,1,8,B2,10,1,0,0,NA,NA,NA,379,low
CP2,WL3,8,1,8,B3,1,1,0,0,NA,NA,NA,2138,high
CP2,WL3,8,1,8,B3,2,1,0,0,NA,NA,NA,2138,high
CP2,WL3,8,1,8,B3,3,1,0,0,NA,NA,NA,2138,high
CP2,WL3,8,1,8,B3,4,1,0,0,NA,NA,NA,2138,high
CP2,WL3,8,1,8,B3,5,1,0,0,NA,NA,NA,2138,high
CP2,WL3,8,1,8,B3,6,1,0,0,NA,NA,NA,2138,high
CP2,WL3,8,1,8,B3,7,4,0,0,NA,NA,NA,2138,high
CP2,WL3,8,1,8,B3,8,4,0,0,NA,NA,NA,2138,high
CP2,WL3,8,1,8,B3,9,4,0,0,NA,NA,NA,2138,high
CP2,WL3,8,1,8,B3,10,1,0,0,NA,NA,NA,2138,high
CP2,SQ3,8,1,8,B4,1,1,0,0,NA,NA,NA,2373,high
CP2,SQ3,8,1,8,B4,2,4,0,0,NA,NA,NA,2373,high
CP2,DPR,8,1,8,C1,1,1,0,0,NA,NA,NA,1019,mid
CP2,DPR,8,1,8,C1,2,1,0,0,NA,NA,NA,1019,mid
CP2,DPR,8,1,8,C1,3,1,0,0,NA,NA,NA,1019,mid
CP2,DPR,8,1,8,C1,4,2,0,0,NA,NA,NA,1019,mid
CP2,DPR,8,1,8,C1,5,1,0,0,NA,NA,NA,1019,mid
CP2,DPR,8,1,8,C1,6,4,0,0,NA,NA,NA,1019,mid
CP2,DPR,8,1,8,C1,7,4,0,0,NA,NA,NA,1019,mid
CP2,DPR,8,1,8,C1,8,1,0,0,NA,NA,NA,1019,mid
CP2,DPR,8,1,8,C1,9,1,0,0,NA,NA,NA,1019,mid
CP2,DPR,8,1,8,C1,10,1,0,0,NA,NA,NA,1019,mid
CP2,IH,8,1,8,C2,1,4,0,0,NA,NA,NA,454,low
CP2,IH,8,1,8,C2,2,4,0,0,NA,NA,NA,454,low
CP2,IH,8,1,8,C2,3,4,0,0,NA,NA,NA,454,low
CP2,IH,8,1,8,C2,4,4,0,0,NA,NA,NA,454,low
CP2,IH,8,1,8,C2,5,4,0,0,NA,NA,NA,454,low
CP2,IH,8,1,8,C2,6,4,0,0,NA,NA,NA,454,low
CP2,IH,8,1,8,C2,7,3,0,1,0,1,purple embryo,454,low
CP2,YOSE1,8,1,8,C3,1,4,0,0,NA,NA,NA,2141,high
CP2,YOSE1,8,1,8,C3,2,4,0,0,NA,NA,NA,2141,high
CP2,YOSE1,8,1,8,C3,3,4,0,0,NA,NA,NA,2141,high
CP2,YOSE1,8,1,8,C3,4,4,0,0,NA,NA,NA,2141,high
CP2,YOSE1,8,1,8,C3,5,1,0,0,NA,NA,NA,2141,high
CP2,YOSE1,8,1,8,C3,6,3,0,0,0,0,NA,2141,high
CP2,YOSE1,8,1,8,C3,7,3,0,0,0,1,NA,2141,high
CP2,YOSE1,8,1,8,C3,8,4,0,0,NA,NA,NA,2141,high
CP2,BH,9,1,9,A1,1,1,0,0,NA,NA,NA,511,low
CP2,BH,9,1,9,A1,2,1,0,0,NA,NA,NA,511,low
CP2,BH,9,1,9,A1,3,1,0,0,NA,NA,NA,511,low
CP2,BH,9,1,9,A1,4,1,0,0,NA,NA,NA,511,low
CP2,BH,9,1,9,A1,5,4,0,0,NA,NA,NA,511,low
CP2,BH,9,1,9,A1,6,4,0,0,NA,NA,NA,511,low
CP2,BH,9,1,9,A1,7,4,0,0,NA,NA,NA,511,low
CP2,BH,9,1,9,A1,8,4,0,0,NA,NA,NA,511,low
CP2,BH,9,1,9,A1,9,4,0,0,NA,NA,NA,511,low
CP2,BH,9,1,9,A1,10,4,0,0,NA,NA,NA,511,low
CP2,WL2,9,1,9,A2,1,1,0,0,NA,NA,NA,2020,high
CP2,WL2,9,1,9,A2,2,3,0,0,0,1,NA,2020,high
CP2,WL2,9,1,9,A2,3,1,0,0,NA,NA,NA,2020,high
CP2,WL2,9,1,9,A2,4,1,0,0,NA,NA,NA,2020,high
CP2,WL2,9,1,9,A2,5,2,0,0,NA,NA,NA,2020,high
CP2,WL2,9,1,9,A2,6,1,0,0,NA,NA,NA,2020,high
CP2,WL2,9,1,9,A2,7,1,0,0,NA,NA,NA,2020,high
CP2,WL2,9,1,9,A2,8,1,0,0,NA,NA,NA,2020,high
CP2,WL2,9,1,9,A2,9,4,0,0,NA,NA,NA,2020,high
CP2,WL2,9,1,9,A2,10,4,0,0,NA,NA,NA,2020,high
CP2,SC,9,1,9,A3,1,1,0,0,NA,NA,NA,422,low
CP2,SC,9,1,9,A3,2,1,0,0,NA,NA,NA,422,low
CP2,SC,9,1,9,A3,3,1,0,0,NA,NA,NA,422,low
CP2,SC,9,1,9,A3,4,1,0,0,NA,NA,NA,422,low
CP2,SC,9,1,9,A3,5,1,0,0,NA,NA,NA,422,low
CP2,SC,9,1,9,A3,6,1,0,0,NA,NA,NA,422,low
CP2,SC,9,1,9,A3,7,1,0,0,NA,NA,NA,422,low
CP2,SC,9,1,NA,NA,8,1,1,NA,NA,NA,NA,422,low
CP2,TM2,9,1,9,A4,1,1,0,0,NA,NA,NA,379,low
CP2,TM2,9,1,9,A4,2,1,0,0,NA,NA,NA,379,low
CP2,TM2,9,1,9,A4,3,1,0,0,NA,NA,NA,379,low
CP2,TM2,9,1,9,A4,4,1,0,0,NA,NA,NA,379,low
CP2,TM2,9,1,9,A4,5,1,0,0,NA,NA,NA,379,low
CP2,TM2,9,1,9,A4,6,1,0,0,NA,NA,NA,379,low
CP2,TM2,9,1,9,A4,7,1,0,0,NA,NA,NA,379,low
CP2,TM2,9,1,9,A4,8,4,0,0,NA,NA,NA,379,low
CP2,WL3,9,1,9,B1,1,4,0,0,NA,NA,NA,2138,high
CP2,WL3,9,1,9,B1,2,4,0,0,NA,NA,NA,2138,high
CP2,WL3,9,1,9,B1,3,1,0,0,NA,NA,NA,2138,high
CP2,WL3,9,1,9,B1,4,4,0,0,NA,NA,NA,2138,high
CP2,WL3,9,1,9,B1,5,1,0,0,NA,NA,NA,2138,high
CP2,WL3,9,1,9,B1,6,3,0,1,0,1,little purple stain between the connection of radicle and embryo,2138,high
CP2,WL3,9,1,9,B1,7,4,0,0,NA,NA,NA,2138,high
CP2,WL3,9,1,9,B1,8,4,0,0,NA,NA,NA,2138,high
CP2,WL3,9,1,9,B1,9,4,0,0,NA,NA,NA,2138,high
CP2,WL3,9,1,9,B1,10,4,0,0,NA,NA,NA,2138,high
CP2,YOSE1,9,1,9,B2,1,1,0,0,NA,NA,NA,2141,high
CP2,YOSE1,9,1,9,B2,2,1,0,0,NA,NA,NA,2141,high
CP2,YOSE1,9,1,9,B2,3,1,0,0,NA,NA,NA,2141,high
CP2,YOSE1,9,1,9,B2,4,1,0,0,NA,NA,NA,2141,high
CP2,YOSE1,9,1,9,B2,5,1,0,0,NA,NA,NA,2141,high
CP2,YOSE1,9,1,9,B2,6,4,0,0,NA,NA,NA,2141,high
CP2,YOSE1,9,1,NA,NA,7,1,1,0,NA,NA,NA,2141,high
CP2,DPR,9,1,9,B3,1,1,0,0,NA,NA,NA,1019,mid
CP2,DPR,9,1,9,B3,2,1,0,0,NA,NA,NA,1019,mid
CP2,DPR,9,1,9,B3,3,1,0,0,NA,NA,NA,1019,mid
CP2,DPR,9,1,9,B3,4,1,0,0,NA,NA,NA,1019,mid
CP2,DPR,9,1,9,B3,5,1,0,0,NA,NA,NA,1019,mid
CP2,DPR,9,1,9,B3,6,4,0,0,NA,NA,NA,1019,mid
CP2,DPR,9,1,9,B3,7,1,0,0,NA,NA,NA,1019,mid
CP2,DPR,9,1,9,B3,8,4,0,0,NA,NA,NA,1019,mid
CP2,LV2,9,1,9,B4,1,1,0,0,NA,NA,NA,2500,high
CP2,LV2,9,1,9,B4,2,1,0,0,NA,NA,NA,2500,high
CP2,LV2,9,1,9,B4,3,1,0,0,NA,NA,NA,2500,high
CP2,LV2,9,1,9,B4,4,3,0,0,0,0,NA,2500,high
CP2,LV2,9,1,9,B4,5,4,0,0,NA,NA,NA,2500,high
CP2,LV2,9,1,9,B4,6,4,0,0,NA,NA,NA,2500,high
CP2,LV2,9,1,9,B4,7,1,0,0,NA,NA,NA,2500,high
CP2,LV2,9,1,9,B4,8,3,0,1,1,0,purple band,2500,high
CP2,IH,9,1,9,C1,1,1,0,0,NA,NA,NA,454,low
CP2,IH,9,1,9,C1,2,1,0,0,NA,NA,NA,454,low
CP2,IH,9,1,9,C1,3,4,0,0,NA,NA,NA,454,low
CP2,IH,9,1,9,C1,4,1,0,0,NA,NA,NA,454,low
CP2,IH,9,1,9,C1,5,1,0,0,NA,NA,NA,454,low
CP2,IH,9,1,9,C1,6,4,0,0,NA,NA,NA,454,low
CP2,IH,9,1,9,C1,7,4,0,0,NA,NA,NA,454,low
CP2,SQ3,9,1,9,C2,1,1,0,0,NA,NA,NA,2373,high
CP2,SQ3,9,1,9,C2,2,1,0,0,NA,NA,NA,2373,high
CP2,SQ3,9,1,9,C2,3,1,0,0,NA,NA,NA,2373,high
CP2,SQ3,9,1,9,C2,4,4,0,0,NA,NA,NA,2373,high
CP2,WL1,9,1,9,C3,1,3,0,0,0,1,NA,1614,mid
CP2,WL1,9,1,9,C3,2,1,0,0,NA,NA,NA,1614,mid
CP2,WL1,9,1,9,C3,3,1,0,0,NA,NA,NA,1614,mid
CP2,WL1,9,1,9,C3,4,1,0,0,NA,NA,NA,1614,mid
CP2,WL1,9,1,9,C3,5,1,0,0,NA,NA,NA,1614,mid
CP2,WL1,9,1,9,C3,6,3,0,0,0,1,NA,1614,mid
CP2,WL1,9,1,9,C3,7,3,0,1,0,0,purple embryo,1614,mid
CP2,WL1,9,1,9,C3,8,1,0,0,NA,NA,NA,1614,mid
CP2,WL1,9,1,9,C3,9,1,0,0,NA,NA,NA,1614,mid
CP2,WL1,9,1,9,C3,10,4,0,0,NA,NA,NA,1614,mid
CP2,YOSE1,10,1,10,A1,1,4,0,0,NA,NA,NA,2141,high
CP2,YOSE1,10,1,10,A1,2,1,0,0,NA,NA,NA,2141,high
CP2,WL3,10,1,10,A2,1,1,0,0,NA,NA,NA,2138,high
CP2,WL3,10,1,10,A2,2,1,0,0,NA,NA,NA,2138,high
CP2,WL3,10,1,10,A2,3,4,0,0,NA,NA,NA,2138,high
CP2,WL3,10,1,10,A2,4,4,0,0,NA,NA,NA,2138,high
CP2,WL3,10,1,10,A2,5,1,0,0,NA,NA,NA,2138,high
CP2,WL3,10,1,10,A2,6,4,0,0,NA,NA,NA,2138,high
CP2,WL3,10,1,10,A2,7,4,0,0,NA,NA,NA,2138,high
CP2,WL3,10,1,10,A2,8,1,0,0,NA,NA,NA,2138,high
CP2,WL3,10,1,10,A2,9,3,0,0,0,0,NA,2138,high
CP2,WL3,10,1,10,A2,10,4,0,0,NA,NA,NA,2138,high
CP2,LV2,10,1,10,A3,1,1,0,0,NA,NA,NA,2500,high
CP2,LV2,10,1,10,A3,2,1,0,0,NA,NA,NA,2500,high
CP2,LV2,10,1,10,A3,3,1,0,0,NA,NA,NA,2500,high
CP2,LV2,10,1,10,A3,4,1,0,0,NA,NA,NA,2500,high
CP2,LV2,10,1,10,A3,5,4,0,0,NA,NA,NA,2500,high
CP2,LV2,10,1,10,A3,6,1,0,0,NA,NA,NA,2500,high
CP2,LV2,10,1,10,A3,7,1,0,0,NA,NA,NA,2500,high
CP2,LV2,10,1,NA,NA,8,1,1,NA,NA,NA,NA,2500,high
CP2,WL1,10,1,10,A4,1,1,0,0,NA,NA,NA,1614,mid
CP2,WL1,10,1,10,A4,2,1,0,0,NA,NA,NA,1614,mid
CP2,WL1,10,1,10,A4,3,4,0,0,NA,NA,NA,1614,mid
CP2,WL1,10,1,10,A4,4,1,0,0,NA,NA,NA,1614,mid
CP2,WL1,10,1,10,A4,5,3,0,1,0,1,light purple stain on embryo,1614,mid
CP2,WL1,10,1,10,A4,6,4,0,0,NA,NA,NA,1614,mid
CP2,WL1,10,1,10,A4,7,1,0,0,NA,NA,NA,1614,mid
CP2,WL1,10,1,10,A4,8,4,0,0,NA,NA,NA,1614,mid
CP2,WL1,10,1,10,A4,9,3,0,0,NA,NA,NA,1614,mid
CP2,WL1,10,1,NA,NA,10,1,1,NA,NA,NA,NA,1614,mid
CP2,SQ3,10,1,10,B1,1,4,0,0,NA,NA,NA,2373,high
CP2,SQ3,10,1,10,B1,2,1,0,0,NA,NA,NA,2373,high
CP2,SQ3,10,1,10,B1,3,1,0,0,NA,NA,NA,2373,high
CP2,SQ3,10,1,10,B1,4,1,0,0,NA,NA,NA,2373,high
CP2,DPR,10,1,10,B2,1,1,0,0,NA,NA,NA,1019,mid
CP2,DPR,10,1,10,B2,2,1,0,0,NA,NA,NA,1019,mid
CP2,DPR,10,1,10,B2,3,1,0,0,NA,NA,NA,1019,mid
CP2,DPR,10,1,10,B2,4,1,0,0,NA,NA,NA,1019,mid
CP2,DPR,10,1,10,B2,5,4,0,0,NA,NA,NA,1019,mid
CP2,DPR,10,1,10,B2,6,1,0,0,NA,NA,NA,1019,mid
CP2,DPR,10,1,10,B2,7,1,0,0,NA,NA,NA,1019,mid
CP2,DPR,10,1,10,B2,8,3,0,1,1,1,"purple band, half purple embryo",1019,mid
CP2,DPR,10,1,10,B2,9,4,0,0,NA,NA,NA,1019,mid
CP2,DPR,10,1,10,B2,10,1,0,0,NA,NA,NA,1019,mid
CP2,BH,10,1,10,B3,1,1,0,0,NA,NA,NA,511,low
CP2,BH,10,1,10,B3,2,4,0,0,NA,NA,NA,511,low
CP2,BH,10,1,10,B3,3,4,0,0,NA,NA,NA,511,low
CP2,BH,10,1,10,B3,4,1,0,0,NA,NA,NA,511,low
CP2,BH,10,1,10,B3,5,1,0,0,NA,NA,NA,511,low
CP2,BH,10,1,10,B3,6,1,0,0,NA,NA,NA,511,low
CP2,BH,10,1,10,B3,7,4,0,0,NA,NA,NA,511,low
CP2,BH,10,1,10,B3,8,1,0,0,NA,NA,NA,511,low
CP2,WL2,10,1,10,B4,1,1,0,0,NA,NA,NA,2020,high
CP2,WL2,10,1,10,B4,2,1,0,0,NA,NA,NA,2020,high
CP2,WL2,10,1,10,B4,3,4,0,0,NA,NA,NA,2020,high
CP2,WL2,10,1,10,B4,4,1,0,0,NA,NA,NA,2020,high
CP2,WL2,10,1,10,B4,5,1,0,0,NA,NA,NA,2020,high
CP2,WL2,10,1,10,B4,6,1,0,0,NA,NA,NA,2020,high
CP2,WL2,10,1,10,B4,7,1,0,0,NA,NA,NA,2020,high
CP2,WL2,10,1,10,B4,8,4,0,0,NA,NA,NA,2020,high
CP2,WL2,10,1,10,B4,9,4,0,0,NA,NA,NA,2020,high
CP2,WL2,10,1,10,B4,10,1,0,0,NA,NA,NA,2020,high
CP2,WL2,10,1,10,B4,11,1,0,0,NA,NA,NA,2020,high
CP2,IH,10,1,10,C1,1,4,0,0,NA,NA,NA,454,low
CP2,IH,10,1,10,C1,2,4,0,0,NA,NA,NA,454,low
CP2,IH,10,1,10,C1,3,4,0,0,NA,NA,NA,454,low
CP2,IH,10,1,10,C1,4,1,0,0,NA,NA,NA,454,low
CP2,IH,10,1,10,C1,5,1,0,0,NA,NA,NA,454,low
CP2,IH,10,1,10,C1,6,4,0,0,NA,NA,NA,454,low
CP2,IH,10,1,10,C1,7,1,0,0,NA,NA,NA,454,low
CP2,IH,10,1,10,C1,8,4,0,0,NA,NA,NA,454,low
CP2,IH,10,1,10,C1,9,4,0,0,NA,NA,NA,454,low
CP2,IH,10,1,10,C1,10,1,0,0,NA,NA,NA,454,low
CP2,TM2,10,1,10,C2,1,1,0,0,NA,NA,NA,379,low
CP2,TM2,10,1,10,C2,2,1,0,0,NA,NA,NA,379,low
CP2,TM2,10,1,10,C2,3,1,0,0,NA,NA,NA,379,low
CP2,TM2,10,1,10,C2,4,4,0,0,NA,NA,NA,379,low
CP2,TM2,10,1,10,C2,5,1,0,0,NA,NA,NA,379,low
CP2,TM2,10,1,10,C2,6,4,0,0,NA,NA,NA,379,low
CP2,TM2,10,1,10,C2,7,1,0,0,NA,NA,NA,379,low
CP2,TM2,10,1,10,C2,8,4,0,0,NA,NA,NA,379,low
CP2,TM2,10,1,10,C2,9,4,0,0,NA,NA,NA,379,low
CP2,SC,10,1,10,C3,1,1,0,0,NA,NA,NA,422,low
CP2,SC,10,1,10,C3,2,4,0,0,NA,NA,NA,422,low
CP2,SC,10,1,10,C3,3,4,0,0,NA,NA,NA,422,low
CP2,SC,10,1,10,C3,4,1,0,0,NA,NA,NA,422,low
CP2,SC,10,1,10,C3,5,4,0,0,NA,NA,NA,422,low
CP2,SC,10,1,10,C3,6,4,0,0,NA,NA,NA,422,low
CP2,SC,10,1,10,C3,7,4,0,0,NA,NA,NA,422,low
CP2,SC,10,1,10,C3,8,1,0,0,NA,NA,NA,422,low
CP2,SC,10,1,10,C3,9,4,0,0,NA,NA,NA,422,low
CP2,SC,10,1,NA,NA,10,1,1,NA,NA,NA,NA,422,low
CP2,TM2,11,1,11,A1,1,1,0,0,NA,NA,NA,379,low
CP2,TM2,11,1,11,A1,2,1,0,0,NA,NA,NA,379,low
CP2,TM2,11,1,11,A1,3,1,0,0,NA,NA,NA,379,low
CP2,TM2,11,1,11,A1,4,1,0,0,NA,NA,NA,379,low
CP2,TM2,11,1,11,A1,5,1,0,0,NA,NA,NA,379,low
CP2,TM2,11,1,11,A1,6,4,0,0,NA,NA,NA,379,low
CP2,TM2,11,1,11,A1,7,4,0,0,NA,NA,NA,379,low
CP2,TM2,11,1,11,A1,8,4,0,0,NA,NA,NA,379,low
CP2,BH,11,1,11,A2,1,1,0,0,NA,NA,NA,511,low
CP2,BH,11,1,11,A2,2,4,0,0,NA,NA,NA,511,low
CP2,BH,11,1,11,A2,3,4,0,0,NA,NA,NA,511,low
CP2,BH,11,1,NA,NA,4,1,1,NA,NA,NA,NA,511,low
CP2,SQ3,11,1,11,A3,1,1,0,0,NA,NA,NA,2373,high
CP2,SQ3,11,1,11,A3,2,4,0,0,NA,NA,NA,2373,high
CP2,WL3,11,1,11,A4,1,1,0,0,NA,NA,NA,2138,high
CP2,WL3,11,1,11,A4,2,1,0,0,NA,NA,NA,2138,high
CP2,WL3,11,1,11,A4,3,1,0,0,NA,NA,NA,2138,high
CP2,WL3,11,1,11,A4,4,1,0,0,NA,NA,NA,2138,high
CP2,WL3,11,1,11,A4,5,1,0,0,NA,NA,NA,2138,high
CP2,WL3,11,1,11,A4,6,4,0,0,NA,NA,NA,2138,high
CP2,WL3,11,1,11,A4,7,1,0,0,NA,NA,NA,2138,high
CP2,WL3,11,1,11,A4,8,1,0,0,NA,NA,NA,2138,high
CP2,WL3,11,1,11,A4,9,1,0,0,NA,NA,NA,2138,high
CP2,WL3,11,1,11,A4,10,4,0,0,NA,NA,NA,2138,high
CP2,SC,11,1,11,B1,1,1,0,0,NA,NA,NA,422,low
CP2,SC,11,1,11,B1,2,1,0,0,NA,NA,NA,422,low
CP2,SC,11,1,11,B1,3,3,0,1,0,0,"purple band, purple embryo",422,low
CP2,SC,11,1,11,B1,4,1,0,0,NA,NA,NA,422,low
CP2,SC,11,1,11,B1,5,1,0,0,NA,NA,NA,422,low
CP2,SC,11,1,11,B1,6,1,0,0,NA,NA,NA,422,low
CP2,SC,11,1,11,B1,7,4,0,0,NA,NA,NA,422,low
CP2,SC,11,1,11,B1,8,1,0,0,NA,NA,NA,422,low
CP2,WL2,11,1,11,B2,1,1,0,0,NA,NA,NA,2020,high
CP2,WL2,11,1,11,B2,2,1,0,0,NA,NA,NA,2020,high
CP2,WL2,11,1,11,B2,3,1,0,0,NA,NA,NA,2020,high
CP2,WL2,11,1,11,B2,4,1,0,0,NA,NA,NA,2020,high
CP2,WL2,11,1,11,B2,5,1,0,0,NA,NA,NA,2020,high
CP2,WL2,11,1,11,B2,6,1,0,0,NA,NA,NA,2020,high
CP2,WL2,11,1,11,B2,7,3,0,1,1,1,purple stain on the embryo,2020,high
CP2,WL2,11,1,11,B2,8,4,0,0,NA,NA,NA,2020,high
CP2,WL2,11,1,11,B2,9,4,0,0,NA,NA,NA,2020,high
CP2,WL2,11,1,11,B2,10,4,0,0,NA,NA,NA,2020,high
CP2,LV2,11,1,11,B3,1,1,0,0,NA,NA,NA,2500,high
CP2,LV2,11,1,11,B3,2,1,0,0,NA,NA,NA,2500,high
CP2,LV2,11,1,11,B3,3,1,0,0,NA,NA,NA,2500,high
CP2,LV2,11,1,11,B3,4,1,0,0,NA,NA,NA,2500,high
CP2,LV2,11,1,11,B3,5,3,0,1,0,0,"purple band, purple stain on embryo",2500,high
CP2,LV2,11,1,11,B3,6,3,0,1,0,0,"purple band, purple stain on embryo",2500,high
CP2,LV2,11,1,11,B3,7,4,0,0,NA,NA,NA,2500,high
CP2,LV2,11,1,11,B3,8,4,0,0,NA,NA,NA,2500,high
CP2,DPR,11,1,11,B4,1,1,0,0,NA,NA,NA,1019,mid
CP2,DPR,11,1,11,B4,2,1,0,0,NA,NA,NA,1019,mid
CP2,DPR,11,1,11,B4,3,1,0,0,NA,NA,NA,1019,mid
CP2,DPR,11,1,11,B4,4,1,0,0,NA,NA,NA,1019,mid
CP2,DPR,11,1,11,B4,5,1,0,0,NA,NA,NA,1019,mid
CP2,DPR,11,1,11,B4,6,1,0,0,NA,NA,NA,1019,mid
CP2,DPR,11,1,11,B4,7,4,0,0,NA,NA,NA,1019,mid
CP2,DPR,11,1,11,B4,8,4,0,0,NA,NA,NA,1019,mid
CP2,DPR,11,1,11,B4,9,4,0,0,NA,NA,NA,1019,mid
CP2,WL1,11,1,11,C1,1,1,0,0,NA,NA,NA,1614,mid
CP2,WL1,11,1,11,C1,2,3,0,0,0,1,NA,1614,mid
CP2,WL1,11,1,11,C1,3,3,0,1,0,0,"purple band, light purple stain on the embryo",1614,mid
CP2,WL1,11,1,11,C1,4,4,0,0,NA,NA,NA,1614,mid
CP2,WL1,11,1,11,C1,5,4,0,0,NA,NA,NA,1614,mid
CP2,WL1,11,1,11,C1,6,4,0,0,NA,NA,NA,1614,mid
CP2,WL1,11,1,11,C1,7,4,0,0,NA,NA,NA,1614,mid
CP2,WL1,11,1,11,C1,8,4,0,0,NA,NA,NA,1614,mid
CP2,WL1,11,1,11,C1,9,4,0,0,NA,NA,NA,1614,mid
CP2,WL1,11,1,11,C1,10,3,0,1,0,0,"purple band, purple stain on the radicle and embryo",1614,mid
CP2,YOSE1,11,1,11,C2,1,1,0,0,NA,NA,NA,2141,high
CP2,YOSE1,11,1,11,C2,2,4,0,0,NA,NA,NA,2141,high
CP2,YOSE1,11,1,11,C2,3,1,0,0,NA,NA,NA,2141,high
CP2,YOSE1,11,1,11,C2,4,1,0,0,NA,NA,NA,2141,high
CP2,YOSE1,11,1,11,C2,5,4,0,0,NA,NA,NA,2141,high
CP2,YOSE1,11,1,11,C2,6,4,0,0,NA,NA,NA,2141,high
CP2,YOSE1,11,1,11,C2,7,1,0,0,NA,NA,NA,2141,high
CP2,YOSE1,11,1,11,C2,8,4,0,0,NA,NA,NA,2141,high
CP2,IH,11,1,11,C3,1,1,0,0,NA,NA,NA,454,low
CP2,IH,11,1,11,C3,2,1,0,0,NA,NA,NA,454,low
CP2,IH,11,1,11,C3,3,3,0,1,0,0,light purple stain on the embryo,454,low
CP2,IH,11,1,11,C3,4,1,0,0,NA,NA,NA,454,low
CP2,IH,11,1,11,C3,5,3,0,0,1,0,NA,454,low
CP2,IH,11,1,11,C3,6,4,0,0,NA,NA,NA,454,low
CP2,IH,11,1,11,C3,7,4,0,0,NA,NA,NA,454,low
CP2,IH,11,1,11,C3,8,4,0,0,NA,NA,NA,454,low
CP2,IH,11,1,11,C3,9,1,0,0,NA,NA,NA,454,low
CP2,IH,11,1,11,C3,10,1,0,0,NA,NA,NA,454,low
CP2,YOSE1,12,1,12,A1,1,1,0,0,NA,NA,NA,2141,high
CP2,YOSE1,12,1,12,A1,2,1,0,0,NA,NA,NA,2141,high
CP2,YOSE1,12,1,12,A1,3,1,0,0,NA,NA,NA,2141,high
CP2,YOSE1,12,1,12,A1,4,1,0,0,NA,NA,NA,2141,high
CP2,YOSE1,12,1,12,A1,5,3,0,1,0,1,purple stain on embryo,2141,high
CP2,YOSE1,12,1,12,A1,6,4,0,0,NA,NA,NA,2141,high
CP2,DPR,12,1,12,A2,1,1,0,0,NA,NA,NA,1019,mid
CP2,DPR,12,1,12,A2,2,1,0,0,NA,NA,NA,1019,mid
CP2,DPR,12,1,12,A2,3,1,0,0,NA,NA,NA,1019,mid
CP2,DPR,12,1,12,A2,4,4,0,0,NA,NA,NA,1019,mid
CP2,DPR,12,1,12,A2,5,4,0,0,NA,NA,NA,1019,mid
CP2,DPR,12,1,12,A2,6,1,0,0,NA,NA,NA,1019,mid
CP2,DPR,12,1,12,A2,7,1,0,0,NA,NA,NA,1019,mid
CP2,DPR,12,1,12,A2,8,4,0,0,NA,NA,NA,1019,mid
CP2,DPR,12,1,12,A2,9,4,0,0,NA,NA,NA,1019,mid
CP2,DPR,12,1,12,A2,10,1,0,0,NA,NA,NA,1019,mid
CP2,WL3,12,1,12,A3,1,1,0,0,NA,NA,NA,2138,high
CP2,WL3,12,1,12,A3,2,4,0,0,NA,NA,NA,2138,high
CP2,WL3,12,1,12,A3,3,4,0,0,NA,NA,NA,2138,high
CP2,WL3,12,1,12,A3,4,1,0,0,NA,NA,NA,2138,high
CP2,WL3,12,1,12,A3,5,1,0,0,NA,NA,NA,2138,high
CP2,WL3,12,1,12,A3,6,4,0,0,NA,NA,NA,2138,high
CP2,WL3,12,1,12,A3,7,4,0,0,NA,NA,NA,2138,high
CP2,WL3,12,1,12,A3,8,3,0,1,0,0,"purple cap, purple stain on embryo",2138,high
CP2,WL3,12,1,12,A3,9,1,0,0,NA,NA,NA,2138,high
CP2,WL3,12,1,12,A3,10,4,0,0,NA,NA,NA,2138,high
CP2,SC,12,1,12,A4,1,1,0,0,NA,NA,NA,422,low
CP2,SC,12,1,12,A4,2,1,0,0,NA,NA,NA,422,low
CP2,SC,12,1,12,A4,3,1,0,0,NA,NA,NA,422,low
CP2,SC,12,1,12,A4,4,1,0,0,NA,NA,NA,422,low
CP2,SC,12,1,12,A4,5,4,0,0,NA,NA,NA,422,low
CP2,SC,12,1,NA,NA,6,1,1,NA,NA,NA,NA,422,low
CP2,SQ3,12,1,12,B1,1,4,0,0,NA,NA,NA,2373,high
CP2,SQ3,12,1,12,B1,2,1,0,0,NA,NA,NA,2373,high
CP2,SQ3,12,1,12,B1,3,1,0,0,NA,NA,NA,2373,high
CP2,SQ3,12,1,12,B1,4,4,0,0,NA,NA,NA,2373,high
CP2,TM2,12,1,12,B2,1,1,0,0,NA,NA,NA,379,low
CP2,TM2,12,1,12,B2,2,1,0,0,NA,NA,NA,379,low
CP2,TM2,12,1,12,B2,3,4,0,0,NA,NA,NA,379,low
CP2,TM2,12,1,12,B2,4,1,0,0,NA,NA,NA,379,low
CP2,TM2,12,1,12,B2,5,1,0,0,NA,NA,NA,379,low
CP2,TM2,12,1,12,B2,6,2,0,1,NA,NA,purple band,379,low
CP2,TM2,12,1,12,B2,7,4,0,0,NA,NA,NA,379,low
CP2,TM2,12,1,12,B2,8,1,0,0,NA,NA,NA,379,low
CP2,BH,12,1,12,B3,1,1,0,0,NA,NA,NA,511,low
CP2,BH,12,1,12,B3,2,4,0,0,NA,NA,NA,511,low
CP2,BH,12,1,12,B3,3,4,0,0,NA,NA,NA,511,low
CP2,BH,12,1,12,B3,4,4,0,0,NA,NA,NA,511,low
CP2,BH,12,1,12,B3,5,4,0,0,NA,NA,NA,511,low
CP2,BH,12,1,12,B3,6,4,0,0,NA,NA,NA,511,low
CP2,LV2,12,1,12,B4,1,2,0,1,NA,NA,light purple stain and band,2500,high
CP2,LV2,12,1,12,B4,2,1,0,0,NA,NA,NA,2500,high
CP2,LV2,12,1,12,B4,3,2,0,1,NA,NA,purple band,2500,high
CP2,LV2,12,1,12,B4,4,1,0,0,NA,NA,NA,2500,high
CP2,LV2,12,1,12,B4,5,1,0,0,NA,NA,NA,2500,high
CP2,LV2,12,1,12,B4,6,1,0,0,NA,NA,NA,2500,high
CP2,LV2,12,1,12,B4,7,4,0,0,NA,NA,NA,2500,high
CP2,LV2,12,1,12,B4,8,4,0,0,NA,NA,NA,2500,high
CP2,IH,12,1,12,C1,1,1,0,0,NA,NA,NA,454,low
CP2,IH,12,1,12,C1,2,1,0,0,NA,NA,NA,454,low
CP2,IH,12,1,12,C1,3,1,0,0,NA,NA,NA,454,low
CP2,IH,12,1,12,C1,4,1,0,0,NA,NA,NA,454,low
CP2,IH,12,1,12,C1,5,1,0,0,NA,NA,NA,454,low
CP2,IH,12,1,12,C1,6,1,0,0,NA,NA,NA,454,low
CP2,IH,12,1,12,C1,7,1,0,0,NA,NA,NA,454,low
CP2,IH,12,1,12,C1,8,1,0,0,NA,NA,NA,454,low
CP2,IH,12,1,12,C1,9,1,0,0,NA,NA,NA,454,low
CP2,IH,12,1,12,C1,10,4,0,0,NA,NA,NA,454,low
CP2,WL2,12,1,12,C2,1,1,0,0,NA,NA,NA,2020,high
CP2,WL2,12,1,12,C2,2,1,0,0,NA,NA,NA,2020,high
CP2,WL2,12,1,12,C2,3,1,0,0,NA,NA,NA,2020,high
CP2,WL2,12,1,12,C2,4,1,0,0,NA,NA,NA,2020,high
CP2,WL2,12,1,12,C2,5,1,0,0,NA,NA,NA,2020,high
CP2,WL2,12,1,12,C2,6,3,0,0,NA,NA,NA,2020,high
CP2,WL2,12,1,NA,NA,7,1,1,NA,NA,NA,NA,2020,high
CP2,WL1,12,1,12,C3,1,1,0,0,NA,NA,NA,1614,mid
CP2,WL1,12,1,12,C3,2,3,0,1,0,0,light purple stain on radicle,1614,mid
CP2,WL1,12,1,12,C3,3,4,0,0,NA,NA,NA,1614,mid
CP2,WL1,12,1,12,C3,4,3,0,0,NA,NA,NA,1614,mid
CP2,WL1,12,1,12,C3,5,4,0,0,NA,NA,NA,1614,mid
CP2,WL1,12,1,12,C3,6,4,0,0,NA,NA,NA,1614,mid
CP2,WL1,12,1,12,C3,7,1,0,0,NA,NA,NA,1614,mid
CP2,WL1,12,1,12,C3,8,1,0,0,NA,NA,NA,1614,mid
CP2,WL1,12,1,12,C3,9,4,0,0,NA,NA,NA,1614,mid
CP2,WL1,12,1,12,C3,10,4,0,0,NA,NA,NA,1614,mid
CP2,TM2,13,1,13,A1,1,1,0,0,NA,NA,NA,379,low
CP2,TM2,13,1,13,A1,2,1,0,0,NA,NA,NA,379,low
CP2,TM2,13,1,13,A1,3,1,0,0,NA,NA,NA,379,low
CP2,TM2,13,1,13,A1,4,1,0,0,NA,NA,NA,379,low
CP2,TM2,13,1,13,A1,5,1,0,0,NA,NA,NA,379,low
CP2,TM2,13,1,13,A1,6,1,0,0,NA,NA,NA,379,low
CP2,TM2,13,1,13,A1,7,1,0,0,NA,NA,NA,379,low
CP2,TM2,13,1,13,A1,8,4,0,0,NA,NA,NA,379,low
CP2,TM2,13,1,13,A1,9,4,0,0,NA,NA,NA,379,low
CP2,DPR,13,1,13,A2,1,1,0,0,NA,NA,NA,1019,mid
CP2,DPR,13,1,13,A2,2,1,0,0,NA,NA,NA,1019,mid
CP2,DPR,13,1,13,A2,3,1,0,0,NA,NA,NA,1019,mid
CP2,DPR,13,1,13,A2,4,4,0,0,NA,NA,NA,1019,mid
CP2,DPR,13,1,13,A2,5,4,0,0,NA,NA,NA,1019,mid
CP2,DPR,13,1,13,A2,6,4,0,0,NA,NA,NA,1019,mid
CP2,DPR,13,1,13,A2,7,4,0,0,NA,NA,NA,1019,mid
CP2,WL1,13,1,13,A3,1,1,0,0,NA,NA,NA,1614,mid
CP2,WL1,13,1,13,A3,2,1,0,0,NA,NA,NA,1614,mid
CP2,WL1,13,1,13,A3,3,1,0,0,NA,NA,NA,1614,mid
CP2,WL1,13,1,13,A3,4,2,0,0,NA,NA,NA,1614,mid
CP2,WL1,13,1,13,A3,5,1,0,0,NA,NA,NA,1614,mid
CP2,WL1,13,1,13,A3,6,4,0,0,NA,NA,NA,1614,mid
CP2,WL1,13,1,13,A3,7,4,0,0,NA,NA,NA,1614,mid
CP2,WL1,13,1,13,A3,8,1,0,0,NA,NA,NA,1614,mid
CP2,WL1,13,1,13,A3,9,3,0,1,0,0,dark purple embryo,1614,mid
CP2,WL3,13,1,13,A4,1,1,0,0,NA,NA,NA,2138,high
CP2,WL3,13,1,13,A4,2,1,0,0,NA,NA,NA,2138,high
CP2,WL3,13,1,13,A4,3,4,0,0,NA,NA,NA,2138,high
CP2,WL3,13,1,13,A4,4,1,0,0,NA,NA,NA,2138,high
CP2,WL3,13,1,13,A4,5,1,0,0,NA,NA,NA,2138,high
CP2,WL3,13,1,13,A4,6,1,0,0,NA,NA,NA,2138,high
CP2,WL3,13,1,13,A4,7,1,0,0,NA,NA,NA,2138,high
CP2,WL3,13,1,13,A4,8,4,0,0,NA,NA,NA,2138,high
CP2,WL3,13,1,13,A4,9,4,0,0,NA,NA,NA,2138,high
CP2,SC,13,1,13,B1,1,1,0,0,NA,NA,NA,422,low
CP2,SC,13,1,13,B1,2,1,0,0,NA,NA,NA,422,low
CP2,SC,13,1,13,B1,3,1,0,0,NA,NA,NA,422,low
CP2,SC,13,1,13,B1,4,1,0,0,NA,NA,NA,422,low
CP2,SC,13,1,13,B1,5,4,0,0,NA,NA,NA,422,low
CP2,SC,13,1,13,B1,6,4,0,0,NA,NA,NA,422,low
CP2,SC,13,1,13,B1,7,1,0,0,NA,NA,NA,422,low
CP2,SC,13,1,NA,NA,8,1,1,NA,NA,NA,NA,422,low
CP2,BH,13,1,13,B2,1,1,0,0,NA,NA,NA,511,low
CP2,BH,13,1,13,B2,2,1,0,0,NA,NA,NA,511,low
CP2,BH,13,1,13,B2,3,1,0,0,NA,NA,NA,511,low
CP2,BH,13,1,13,B2,4,1,0,0,NA,NA,NA,511,low
CP2,BH,13,1,13,B2,5,4,0,0,NA,NA,NA,511,low
CP2,BH,13,1,13,B2,6,1,0,0,NA,NA,NA,511,low
CP2,BH,13,1,13,B2,7,4,0,0,NA,NA,NA,511,low
CP2,BH,13,1,13,B2,8,4,0,0,NA,NA,NA,511,low
CP2,BH,13,1,13,B2,9,4,0,0,NA,NA,NA,511,low
CP2,IH,13,1,13,B3,1,1,0,0,NA,NA,NA,454,low
CP2,IH,13,1,13,B3,2,1,0,0,NA,NA,NA,454,low
CP2,IH,13,1,13,B3,3,3,0,0,1,0,NA,454,low
CP2,IH,13,1,13,B3,4,1,0,0,NA,NA,NA,454,low
CP2,IH,13,1,13,B3,5,4,0,0,NA,NA,NA,454,low
CP2,IH,13,1,13,B3,6,4,0,0,NA,NA,NA,454,low
CP2,IH,13,1,13,B3,7,4,0,1,NA,NA,purple stain for the whole seed,454,low
CP2,IH,13,1,13,B3,8,4,0,0,NA,NA,NA,454,low
CP2,SQ3,13,1,13,B4,1,4,0,0,NA,NA,NA,2373,high
CP2,SQ3,13,1,13,B4,2,4,0,0,NA,NA,NA,2373,high
CP2,SQ3,13,1,13,B4,3,1,0,0,NA,NA,NA,2373,high
CP2,SQ3,13,1,13,B4,4,1,0,0,NA,NA,NA,2373,high
CP2,YOSE1,13,1,13,C1,1,3,0,0,1,1,NA,2141,high
CP2,YOSE1,13,1,13,C1,2,1,0,0,NA,NA,NA,2141,high
CP2,YOSE1,13,1,13,C1,3,1,0,0,NA,NA,NA,2141,high
CP2,YOSE1,13,1,13,C1,4,1,0,0,NA,NA,NA,2141,high
CP2,YOSE1,13,1,13,C1,5,1,0,0,NA,NA,NA,2141,high
CP2,YOSE1,13,1,13,C1,6,4,0,0,NA,NA,NA,2141,high
CP2,WL2,13,1,13,C2,1,1,0,0,NA,NA,NA,2020,high
CP2,WL2,13,1,13,C2,2,1,0,0,NA,NA,NA,2020,high
CP2,WL2,13,1,13,C2,3,1,0,0,NA,NA,NA,2020,high
CP2,WL2,13,1,13,C2,4,1,0,0,NA,NA,NA,2020,high
CP2,WL2,13,1,13,C2,5,3,0,1,0,0,purple band and radicle,2020,high
CP2,WL2,13,1,13,C2,6,2,0,1,NA,NA,light purple stain,2020,high
CP2,WL2,13,1,13,C2,7,4,0,0,NA,NA,NA,2020,high
CP2,WL2,13,1,13,C2,8,4,0,0,NA,NA,NA,2020,high
CP2,WL2,13,1,NA,NA,9,1,1,NA,NA,NA,NA,2020,high
CP2,LV2,13,1,13,C3,1,1,0,0,NA,NA,NA,2500,high
CP2,LV2,13,1,13,C3,2,1,0,0,NA,NA,NA,2500,high
CP2,LV2,13,1,13,C3,3,1,0,0,NA,NA,NA,2500,high
CP2,LV2,13,1,13,C3,4,2,0,1,NA,NA,purple band,2500,high
CP2,LV2,13,1,13,C3,5,1,0,0,NA,NA,NA,2500,high
CP2,LV2,13,1,13,C3,6,1,0,0,NA,NA,NA,2500,high
CP2,LV2,13,1,13,C3,7,4,0,0,NA,NA,NA,2500,high
CP2,LV2,13,1,13,C3,8,4,0,0,NA,NA,NA,2500,high
CP2,DPR,14,1,14,A1,1,1,0,0,NA,NA,NA,1019,mid
CP2,DPR,14,1,14,A1,2,1,0,0,NA,NA,NA,1019,mid
CP2,DPR,14,1,14,A1,3,1,0,0,NA,NA,NA,1019,mid
CP2,DPR,14,1,14,A1,4,1,0,0,NA,NA,NA,1019,mid
CP2,DPR,14,1,14,A1,5,1,0,0,NA,NA,NA,1019,mid
CP2,DPR,14,1,14,A1,6,1,0,0,NA,NA,NA,1019,mid
CP2,DPR,14,1,14,A1,7,1,0,0,NA,NA,NA,1019,mid
CP2,DPR,14,1,14,A1,8,4,0,0,NA,NA,NA,1019,mid
CP2,DPR,14,1,14,A1,9,4,0,0,NA,NA,NA,1019,mid
CP2,WL3,14,1,14,A2,1,3,0,1,0,0,dark purple embryo,2138,high
CP2,WL3,14,1,14,A2,2,4,0,0,NA,NA,NA,2138,high
CP2,WL3,14,1,14,A2,3,2,0,0,NA,NA,NA,2138,high
CP2,WL3,14,1,14,A2,4,4,0,0,NA,NA,NA,2138,high
CP2,WL3,14,1,14,A2,5,1,0,0,NA,NA,NA,2138,high
CP2,WL3,14,1,14,A2,6,1,0,0,NA,NA,NA,2138,high
CP2,WL3,14,1,14,A2,7,4,0,0,NA,NA,NA,2138,high
CP2,WL3,14,1,14,A2,8,4,0,0,NA,NA,NA,2138,high
CP2,WL3,14,1,14,A2,9,4,0,0,NA,NA,NA,2138,high
CP2,WL2,14,1,14,A3,1,1,0,0,NA,NA,NA,2020,high
CP2,WL2,14,1,14,A3,2,1,0,0,NA,NA,NA,2020,high
CP2,WL2,14,1,14,A3,3,1,0,0,NA,NA,NA,2020,high
CP2,WL2,14,1,14,A3,4,3,0,1,0,0,dark purple stain on embryo,2020,high
CP2,WL2,14,1,14,A3,5,1,0,0,NA,NA,NA,2020,high
CP2,WL2,14,1,14,A3,6,1,0,0,NA,NA,NA,2020,high
CP2,WL2,14,1,14,A3,7,1,0,0,NA,NA,NA,2020,high
CP2,WL2,14,1,14,A3,8,4,0,0,NA,NA,NA,2020,high
CP2,WL2,14,1,14,A3,9,4,0,0,NA,NA,NA,2020,high
CP2,BH,14,1,14,A4,1,1,0,0,NA,NA,NA,511,low
CP2,BH,14,1,14,A4,2,1,0,0,NA,NA,NA,511,low
CP2,BH,14,1,14,A4,3,1,0,0,NA,NA,NA,511,low
CP2,BH,14,1,14,A4,4,4,0,0,NA,NA,NA,511,low
CP2,BH,14,1,14,A4,5,4,0,0,NA,NA,NA,511,low
CP2,BH,14,1,NA,NA,6,1,1,NA,NA,NA,NA,511,low
CP2,YOSE1,14,1,14,B1,1,1,0,0,NA,NA,NA,2141,high
CP2,YOSE1,14,1,14,B1,2,1,0,0,NA,NA,NA,2141,high
CP2,YOSE1,14,1,14,B1,3,1,0,0,NA,NA,NA,2141,high
CP2,YOSE1,14,1,14,B1,4,4,0,0,NA,NA,NA,2141,high
CP2,YOSE1,14,1,14,B1,5,4,0,0,NA,NA,NA,2141,high
CP2,YOSE1,14,1,14,B1,6,4,0,0,NA,NA,NA,2141,high
CP2,YOSE1,14,1,14,B1,7,4,0,0,NA,NA,NA,2141,high
CP2,YOSE1,14,1,14,B1,8,4,0,0,NA,NA,NA,2141,high
CP2,YOSE1,14,1,NA,NA,9,1,1,NA,NA,NA,NA,2141,high
CP2,SC,14,1,14,B2,1,1,0,0,NA,NA,NA,422,low
CP2,SC,14,1,14,B2,2,1,0,0,NA,NA,NA,422,low
CP2,SC,14,1,14,B2,3,1,0,0,NA,NA,NA,422,low
CP2,SC,14,1,14,B2,4,1,0,0,NA,NA,NA,422,low
CP2,SC,14,1,14,B2,5,3,0,1,0,1,purple embryo,422,low
CP2,SC,14,1,14,B2,6,1,0,0,NA,NA,NA,422,low
CP2,SC,14,1,14,B2,7,1,0,0,NA,NA,NA,422,low
CP2,SC,14,1,14,B2,8,4,0,0,NA,NA,NA,422,low
CP2,SC,14,1,14,B2,9,4,0,0,NA,NA,NA,422,low
CP2,SC,14,1,14,B2,10,4,0,0,NA,NA,NA,422,low
CP2,IH,14,1,14,B3,1,1,0,0,NA,NA,NA,454,low
CP2,IH,14,1,14,B3,2,1,0,0,NA,NA,NA,454,low
CP2,IH,14,1,14,B3,3,3,0,1,0,0,dark purple embryo,454,low
CP2,IH,14,1,14,B3,4,3,0,0,0,0,NA,454,low
CP2,IH,14,1,14,B3,5,3,0,1,0,0,"purple embryo, light purple stain on radicle",454,low
CP2,IH,14,1,14,B3,6,3,0,1,0,1,"purple band, purple and green on embryo",454,low
CP2,IH,14,1,14,B3,7,4,0,0,NA,NA,NA,454,low
CP2,IH,14,1,14,B3,8,4,0,0,NA,NA,NA,454,low
CP2,IH,14,1,14,B3,9,4,0,0,NA,NA,NA,454,low
CP2,IH,14,1,14,B3,10,4,0,0,NA,NA,NA,454,low
CP2,LV2,14,1,14,B4,1,1,0,0,NA,NA,NA,2500,high
CP2,LV2,14,1,14,B4,2,1,0,0,NA,NA,NA,2500,high
CP2,LV2,14,1,14,B4,3,1,0,0,NA,NA,NA,2500,high
CP2,LV2,14,1,14,B4,4,1,0,0,NA,NA,NA,2500,high
CP2,LV2,14,1,14,B4,5,1,0,0,NA,NA,NA,2500,high
CP2,LV2,14,1,14,B4,6,1,0,0,NA,NA,NA,2500,high
CP2,LV2,14,1,14,B4,7,4,0,0,NA,NA,NA,2500,high
CP2,LV2,14,1,14,B4,8,4,0,0,NA,NA,NA,2500,high
CP2,TM2,14,1,14,C1,1,1,0,0,NA,NA,NA,379,low
CP2,TM2,14,1,14,C1,2,3,0,1,0,1,"purple band, dark embryo with little green",379,low
CP2,TM2,14,1,14,C1,3,3,0,1,0,1,"purple band, purple stain on embryo",379,low
CP2,TM2,14,1,14,C1,4,1,0,0,NA,NA,NA,379,low
CP2,TM2,14,1,14,C1,5,4,0,0,NA,NA,NA,379,low
CP2,TM2,14,1,14,C1,6,1,0,0,NA,NA,NA,379,low
CP2,TM2,14,1,14,C1,7,1,0,0,NA,NA,NA,379,low
CP2,TM2,14,1,14,C1,8,4,0,0,NA,NA,NA,379,low
CP2,TM2,14,1,14,C1,9,4,0,0,NA,NA,NA,379,low
CP2,WL1,14,1,NA,NA,NA,NA,NA,NA,NA,NA,no seeds in the envelope (no seeds when processing the organza seed bag),1614,mid
CP2,WL3,15,1,15,A1,1,1,0,0,NA,NA,NA,2138,high
CP2,WL3,15,1,15,A1,2,1,0,0,NA,NA,NA,2138,high
CP2,WL3,15,1,15,A1,3,1,0,0,NA,NA,NA,2138,high
CP2,WL3,15,1,15,A1,4,1,0,0,NA,NA,NA,2138,high
CP2,WL3,15,1,15,A1,5,1,0,0,NA,NA,NA,2138,high
CP2,WL3,15,1,15,A1,6,1,0,0,NA,NA,NA,2138,high
CP2,WL3,15,1,15,A1,7,1,0,0,NA,NA,NA,2138,high
CP2,WL3,15,1,15,A1,8,4,0,0,NA,NA,NA,2138,high
CP2,WL3,15,1,15,A1,9,4,0,0,NA,NA,NA,2138,high
CP2,WL3,15,1,15,A1,10,4,0,0,NA,NA,NA,2138,high
CP2,BH,15,1,15,A2,1,3,0,1,0,0,purple band and embryo,511,low
CP2,BH,15,1,15,A2,2,1,0,0,NA,NA,NA,511,low
CP2,BH,15,1,15,A2,3,4,0,0,NA,NA,NA,511,low
CP2,BH,15,1,15,A2,4,4,0,0,NA,NA,NA,511,low
CP2,BH,15,1,15,A2,5,1,0,0,NA,NA,NA,511,low
CP2,BH,15,1,15,A2,6,4,0,0,NA,NA,NA,511,low
CP2,BH,15,1,15,A2,7,4,0,0,NA,NA,NA,511,low
CP2,BH,15,1,NA,NA,8,1,1,NA,NA,NA,NA,511,low
CP2,WL1,15,1,15,A3,1,1,0,0,NA,NA,NA,1614,mid
CP2,WL1,15,1,15,A3,2,4,0,0,NA,NA,NA,1614,mid
CP2,WL1,15,1,15,A3,3,3,0,1,0,1,partial purple stain on embryo,1614,mid
CP2,WL1,15,1,15,A3,4,1,0,0,NA,NA,NA,1614,mid
CP2,WL1,15,1,15,A3,5,4,0,0,NA,NA,NA,1614,mid
CP2,WL1,15,1,15,A3,6,4,0,0,NA,NA,NA,1614,mid
CP2,WL1,15,1,15,A3,7,4,0,0,NA,NA,NA,1614,mid
CP2,WL1,15,1,15,A3,8,4,0,0,NA,NA,NA,1614,mid
CP2,WL1,15,1,15,A3,9,4,0,0,NA,NA,NA,1614,mid
CP2,WL1,15,1,NA,NA,10,1,1,NA,NA,NA,NA,1614,mid
CP2,TM2,15,1,15,A4,1,1,0,0,NA,NA,NA,379,low
CP2,TM2,15,1,15,A4,2,1,0,0,NA,NA,NA,379,low
CP2,TM2,15,1,15,A4,3,1,0,0,NA,NA,NA,379,low
CP2,TM2,15,1,15,A4,4,1,0,0,NA,NA,NA,379,low
CP2,TM2,15,1,15,A4,5,1,0,0,NA,NA,NA,379,low
CP2,TM2,15,1,15,A4,6,1,0,0,NA,NA,NA,379,low
CP2,TM2,15,1,15,A4,7,1,0,0,NA,NA,NA,379,low
CP2,TM2,15,1,15,A4,8,4,0,0,NA,NA,NA,379,low
CP2,TM2,15,1,15,A4,9,4,0,0,NA,NA,NA,379,low
CP2,YOSE1,15,1,15,B1,1,1,0,0,NA,NA,NA,2141,high
CP2,YOSE1,15,1,15,B1,2,1,0,0,NA,NA,NA,2141,high
CP2,YOSE1,15,1,15,B1,3,1,0,0,NA,NA,NA,2141,high
CP2,YOSE1,15,1,15,B1,4,4,0,0,NA,NA,NA,2141,high
CP2,YOSE1,15,1,15,B1,5,4,0,0,NA,NA,NA,2141,high
CP2,YOSE1,15,1,15,B1,6,3,0,0,1,0,NA,2141,high
CP2,YOSE1,15,1,15,B1,7,4,0,0,NA,NA,NA,2141,high
CP2,YOSE1,15,1,15,B1,8,4,0,0,NA,NA,NA,2141,high
CP2,YOSE1,15,1,15,B1,9,4,0,0,NA,NA,NA,2141,high
CP2,SC,15,1,15,B2,1,1,0,0,NA,NA,NA,422,low
CP2,SC,15,1,15,B2,2,1,0,0,NA,NA,NA,422,low
CP2,SC,15,1,15,B2,3,1,0,0,NA,NA,NA,422,low
CP2,SC,15,1,15,B2,4,1,0,0,NA,NA,NA,422,low
CP2,SC,15,1,15,B2,5,1,0,0,NA,NA,NA,422,low
CP2,SC,15,1,15,B2,6,1,0,0,NA,NA,NA,422,low
CP2,SC,15,1,15,B2,7,4,0,0,NA,NA,NA,422,low
CP2,SC,15,1,15,B2,8,4,0,0,NA,NA,NA,422,low
CP2,WL2,15,1,15,B3,1,1,0,0,NA,NA,NA,2020,high
CP2,WL2,15,1,15,B3,2,1,0,0,NA,NA,NA,2020,high
CP2,WL2,15,1,15,B3,3,1,0,0,NA,NA,NA,2020,high
CP2,WL2,15,1,15,B3,4,1,0,0,NA,NA,NA,2020,high
CP2,WL2,15,1,15,B3,5,1,0,0,NA,NA,NA,2020,high
CP2,WL2,15,1,15,B3,6,1,0,0,NA,NA,NA,2020,high
CP2,WL2,15,1,15,B3,7,1,0,0,NA,NA,NA,2020,high
CP2,WL2,15,1,15,B3,8,1,0,0,NA,NA,NA,2020,high
CP2,WL2,15,1,15,B3,9,4,0,0,NA,NA,NA,2020,high
CP2,LV2,15,1,15,B4,1,1,0,0,NA,NA,NA,2500,high
CP2,LV2,15,1,15,B4,2,1,0,0,NA,NA,NA,2500,high
CP2,LV2,15,1,15,B4,3,4,0,0,NA,NA,NA,2500,high
CP2,LV2,15,1,15,B4,4,4,0,0,NA,NA,NA,2500,high
CP2,LV2,15,1,15,B4,5,4,0,0,NA,NA,NA,2500,high
CP2,LV2,15,1,15,B4,6,4,0,0,NA,NA,NA,2500,high
CP2,LV2,15,1,15,B4,7,4,0,0,NA,NA,NA,2500,high
CP2,LV2,15,1,NA,NA,8,1,1,NA,NA,NA,NA,2500,high
CP2,IH,15,1,15,C1,1,1,0,0,NA,NA,NA,454,low
CP2,IH,15,1,15,C1,2,1,0,0,NA,NA,NA,454,low
CP2,IH,15,1,15,C1,3,4,0,0,NA,NA,NA,454,low
CP2,IH,15,1,15,C1,4,4,0,0,NA,NA,NA,454,low
CP2,IH,15,1,15,C1,5,4,0,0,NA,NA,NA,454,low
CP2,IH,15,1,15,C1,6,4,0,0,NA,NA,NA,454,low
CP2,IH,15,1,15,C1,7,3,0,1,0,0,purple band and embryo,454,low
CP2,IH,15,1,15,C1,8,1,0,0,NA,NA,NA,454,low
CP2,DPR,15,1,15,C2,1,1,0,0,NA,NA,NA,1019,mid
CP2,DPR,15,1,15,C2,2,1,0,0,NA,NA,NA,1019,mid
CP2,DPR,15,1,15,C2,3,1,0,0,NA,NA,NA,1019,mid
CP2,DPR,15,1,15,C2,4,1,0,0,NA,NA,NA,1019,mid
CP2,DPR,15,1,15,C2,5,1,0,0,NA,NA,NA,1019,mid
CP2,DPR,15,1,15,C2,6,4,0,0,NA,NA,NA,1019,mid
CP2,DPR,15,1,15,C2,7,4,0,0,NA,NA,NA,1019,mid
CP2,DPR,15,1,15,C2,8,4,0,0,NA,NA,NA,1019,mid
